archive,rel,size,ext,kind,title
ardent-tool,8543/Errors.html,16033,.html,error,8543 Error Codes
ardent-tool,8551/Errors.html,21034,.html,error,8551 Error Codes
ardent-tool,8554/Errors.html,13955,.html,error,8554 Error Codes
ardent-tool,8642/Errors.html,11404,.html,error,8642 Error Codes
ardent-tool,8642/Errors_Corollary.html,24135,.html,error,8642 Corollary Error Codes
ardent-tool,8642/Errors_PCI.html,12504,.html,error,8642 PCI Error Codes
ardent-tool,9552/Errors.html,29569,.html,error,TP 700 / 720 Error Codes
ardent-tool,SCSI/Trantor_Errors.html,17218,.html,error,Trantor Error Messages
ardent-tool,memory/Error_Correct.html,26791,.html,error,Memory Error Correction
ardent-tool,trouble/118_Error_Code.html,10188,.html,error,118 Error Code
ardent-tool,trouble/badmem.html,10124,.html,error,Memory Error Location
ardent-tool,trouble/error_01.html,13371,.html,error,Error Codes 100 - 159
ardent-tool,trouble/error_02.html,13243,.html,error,Error Codes 160 - 199
ardent-tool,trouble/error_03.html,11443,.html,error,Error Codes 200 - 299
ardent-tool,trouble/error_04.html,10582,.html,error,Error Codes 300 - 999
ardent-tool,trouble/error_05.html,10718,.html,error,Error Codes 1000 - 1499
ardent-tool,trouble/error_06.html,10068,.html,error,Error Codes 1500 - 2999
ardent-tool,trouble/error_07.html,11648,.html,error,Error Codes 3000 - 9999
ardent-tool,trouble/error_08.html,14388,.html,error,Error Codes 10000 - 11999
ardent-tool,trouble/error_09.html,12911,.html,error,Error Codes 12000 - 14999
ardent-tool,trouble/error_10.html,10567,.html,error,Error Codes 15000 - 19999
ardent-tool,trouble/error_11.html,18430,.html,error,Error Codes 20000 - 29999
ardent-tool,trouble/error_list.html,22292,.html,error,Error Code Listing
ardent-tool,trouble/ps2error.html,19903,.html,error,PS/2 Error Codes
ardent-tool,video/AM2_Errors.html,17851,.html,error,ActionMedia/2 Error Codes
bitsavers,components/dmp_electronics/software/x-linux/x-lunix_webpage/X-Linux_files/counter.html,1245,.html,not found,404 - File or directory not found.
chipdb,Intel/MCS51/TECHNOTE/3233.HTM,16398,.htm,error,"Deciphering RL51's Error Message ""Improper Fixup"""
gsi-collection,www.coredumps.de/doc/ibm/aix/aix_hints_and_tips/0020560.htm,649,.htm,error,Receiving Error 28 When Starting InfoExplorer
gsi-collection,www.coredumps.de/doc/ibm/aix/aix_hints_and_tips/0111804.htm,1704,.htm,error,Error 888-102-300-0c0 When Graphics Adapter is in the Machine
gsi-collection,www.coredumps.de/doc/ibm/aix/aix_hints_and_tips/0413378.htm,959,.htm,error,NIM Error 0042-207 -- Unable to Allocate Resource
gsi-collection,www.coredumps.de/doc/ibm/aix/aix_hints_and_tips/0421102.htm,920,.htm,error,"Error ""0516-062"" When Restoring a mksysb"
gsi-collection,www.coredumps.de/doc/ibm/aix/aix_hints_and_tips/0511724.htm,1208,.htm,error,"Error ""0511-173"" from tar When Backing Up Database Files"
gsi-collection,www.coredumps.de/doc/ibm/aix/aix_hints_and_tips/0512832.htm,818,.htm,error,Removing lpp_source -- Error 0042-038
gsi-collection,www.coredumps.de/doc/ibm/aix/aix_hints_and_tips/0913970.htm,1201,.htm,error,Installp Lexical Error 0503-216 at AIX Version 4
gsi-collection,www.coredumps.de/doc/ibm/aix/aix_hints_and_tips/1013552.htm,755,.htm,not found,NIM Push Install Error -- c_nimpush not found
gsi-collection,www.coredumps.de/doc/ibm/aix/aix_hints_and_tips/1113524.htm,1087,.htm,error,Receiving a chcons Error When Running a mksysb Clone
gsi-collection,www.coredumps.de/doc/ibm/aix/aix_hints_and_tips/185506.htm,2871,.htm,error,"Error ""Invalid or no boot device specified"" from mksysb or mkszfile"
gsi-collection,www.coredumps.de/doc/ibm/aix/aix_hints_and_tips/1920632.htm,1207,.htm,error,Error Installing bos.info.en_US -- Restore Error 0511-126
gsi-collection,www.coredumps.de/doc/ibm/aix/aix_hints_and_tips/2221808.htm,2380,.htm,error,"Error ""0511-445 Internal Packing error"" When Creating a mksysb tape"
gsi-collection,www.coredumps.de/doc/ibm/aix/aix_hints_and_tips/2410122.htm,1350,.htm,error,"Error ""0512-044 tctl fsf failed"""
gsi-collection,www.coredumps.de/doc/ibm/aix/aix_hints_and_tips/2815934.htm,2845,.htm,forbidden,"How to Resolve the ""mkinsttape_sb: permission denied"" error on Sysback Versions 3 and 4"
gsi-collection,www.coredumps.de/doc/ibm/aix/aix_hints_and_tips/3020556.htm,867,.htm,not found,"Error ""restbyname not found"" after Migration from AIX 3.2.5 to 4.3.2 Using Tape"
gsi-collection,www.coredumps.de/doc/ibm/aix/aix_hints_and_tips/3211136.htm,660,.htm,error,"""tape not in backup format"" Error during Install Using SMIT"
gsi-collection,www.coredumps.de/doc/ibm/aix/aix_hints_and_tips/3315752.htm,1262,.htm,error,"Error ""888-102-700-0c8"" When Running a NIM Spot Copy to a Model 320"
gsi-collection,www.coredumps.de/doc/ibm/aix/aix_hints_and_tips/3320858.htm,4106,.htm,error,Workaround for error 0511-163 when using tar as backend for Sysback/6000 V4
gsi-collection,www.coredumps.de/doc/ibm/aix/aix_hints_and_tips/3520640.htm,19712,.htm,error,Frequent Print Error Messages
gsi-collection,www.coredumps.de/doc/ibm/aix/aix_hints_and_tips/3914682.htm,1416,.htm,error,TTY HOG Error
gsi-collection,www.coredumps.de/doc/ibm/aix/aix_hints_and_tips/4117166.htm,1816,.htm,error,inutoc Error after Fixes Manually Copied to Hard Disk
gsi-collection,www.coredumps.de/doc/ibm/aix/aix_hints_and_tips/4220748.htm,1053,.htm,error,CFGLFT Error 1122 in errpt
gsi-collection,www.coredumps.de/doc/ibm/aix/aix_hints_and_tips/4324314.htm,2158,.htm,error,ds_form: Error EhwSearch 32 After Migration to 4.3.3
gsi-collection,www.coredumps.de/doc/ibm/aix/aix_hints_and_tips/4415820.htm,945,.htm,not found,restoresymtable Is Not Found When Trying to Restore backbyinode
gsi-collection,www.coredumps.de/doc/ibm/aix/aix_hints_and_tips/4612576.htm,1891,.htm,error,"Error ""could not populate devices directory"" During a mksysb Clone"
gsi-collection,www.coredumps.de/doc/ibm/aix/aix_hints_and_tips/4612662.htm,848,.htm,error,"""rootvg is locked"" Error When Running a mksysb"
gsi-collection,www.coredumps.de/doc/ibm/aix/aix_hints_and_tips/4614790.htm,2201,.htm,error,"Unable to Add Users, Error Message 3004-687"
gsi-collection,www.coredumps.de/doc/ibm/aix/aix_hints_and_tips/4721000.htm,1276,.htm,error,"Error ""system received a parameter that is not valid"""
gsi-collection,www.coredumps.de/doc/ibm/aix/aix_hints_and_tips/5113494.htm,3674,.htm,error,"Error ""0505-102 alt_disk_install: mkvg has returned an error"""
gsi-collection,www.coredumps.de/doc/ibm/aix/aix_hints_and_tips/5219164.htm,1077,.htm,error,Motif/SMIT Translation Table Syntax Error
gsi-collection,www.coredumps.de/doc/ibm/aix/aix_hints_and_tips/5513822.htm,2010,.htm,error,"Error ""/usr/lpp/bosinst/bi_main[5] /var/adm/ras/bi.log cannot create"""
gsi-collection,www.coredumps.de/doc/ibm/aix/aix_hints_and_tips/6412544.htm,1100,.htm,error,Bus Error Coredump When Creating a mksysb at V4.2.0
gsi-collection,www.coredumps.de/doc/ibm/aix/aix_hints_and_tips/6512608.htm,3418,.htm,error,Information on Tape Errors in the Error Report
gsi-collection,www.coredumps.de/doc/ibm/aix/aix_hints_and_tips/6714704.htm,2483,.htm,error,"Recovery from ""Volume Group Locked"" Error Message"
gsi-collection,www.coredumps.de/doc/ibm/aix/aix_hints_and_tips/6812772.htm,1219,.htm,error,Error 3001-008 during an Installation -- /dev/fd0h Error
gsi-collection,www.coredumps.de/doc/ibm/aix/aix_hints_and_tips/7011982.htm,1199,.htm,error,ds_rslt Ehw_Open_Index 63 Error
gsi-collection,www.coredumps.de/doc/ibm/aix/aix_hints_and_tips/7318584.htm,1505,.htm,error,Error 0042-151 Occurs during Creation of mksysb Resource
gsi-collection,www.coredumps.de/doc/ibm/aix/aix_hints_and_tips/7620676.htm,1012,.htm,error,Error 0301-155 -- bosboot:mkfs failed for /tmp/Bootram.fs
gsi-collection,www.coredumps.de/doc/ibm/aix/aix_hints_and_tips/7817234.htm,990,.htm,error,Error 3001-008 -- /dev/ipldevice and /dev/rhdisk0
gsi-collection,www.coredumps.de/doc/ibm/aix/aix_hints_and_tips/7914820.htm,2708,.htm,error,"""Tape Not in Backup Format"" Error"
gsi-collection,www.coredumps.de/doc/ibm/aix/aix_hints_and_tips/8414728.htm,5284,.htm,error,"""Lexical Error"" Message from installp"
gsi-collection,www.coredumps.de/doc/ibm/aix/aix_hints_and_tips/8719016.htm,1432,.htm,error,Receiving Error 13 While Running InfoExplorer
gsi-collection,www.coredumps.de/doc/ibm/aix/aix_hints_and_tips/8910972.htm,1621,.htm,error,"Error ""0518-507 odmget error"" When Running mksysb from cron"
gsi-collection,www.coredumps.de/doc/ibm/aix/aix_hints_and_tips/8917858.htm,1125,.htm,not found,"Documentation Search Service Error - ""Host not Found"""
gsi-collection,www.coredumps.de/doc/ibm/aix/aix_hints_and_tips/9112326.htm,1218,.htm,error,Failed Installation of Latest pssp Fixes -- Error 0503-247
gsi-collection,www.coredumps.de/doc/ibm/aix/aix_hints_and_tips/9121086.htm,844,.htm,error,Error Installing U447719 -- Too Many Levels of Symbolic Links
gsi-collection,www.coredumps.de/doc/ibm/aix/aix_hints_and_tips/9318562.htm,1184,.htm,error,lppchk Error after Migration from AIX 4.1.5 to 4.2 -- Missing Requisite Software
gsi-collection,www.coredumps.de/doc/ibm/aix/aix_hints_and_tips/9513650.htm,781,.htm,error,CD-ROM Error 0514-062: specified device is busy
gsi-collection,www.coredumps.de/doc/ibm/aix/aix_hints_and_tips/9514598.htm,4302,.htm,error,Understanding Console Error Report Entries
gsi-collection,www.coredumps.de/doc/ibm/aix/aix_hints_and_tips/955612.htm,1960,.htm,error,Error When Writing to a 20GB 8mm Tape Drive
gsi-collection,www.coredumps.de/doc/ibm/aix/aix_hints_and_tips/9620694.htm,1362,.htm,error,"""Error 2020"" When Running imnss -start imnhelp"
gsi-collection,www.coredumps.de/doc/ibm/aix/aix_hints_and_tips/9712806.htm,1897,.htm,error,"Error ""0516-024 /usr/sbin/lqueryvg unable to open physical volume hdisk"""
gsi-collection,www.coredumps.de/doc/ibm/aix/aix_hints_and_tips/9724168.htm,1123,.htm,error,"InfoExplorer ""unable to connect to socket: 3"" Error Message"
hp-alphaserver-2008,products/servers/management/rdp/knowledgebase/00000007.html,30575,.html,error,"The Altiris Product License Utility Displays The Error ""Maximum license slots has been exceeded."""
hp-alphaserver-2008,products/servers/management/rdp/knowledgebase/00000052.html,32811,.html,error,"Job Fails With Error 116 ""Unable to boot to automation."""
hp-alphaserver-2008,products/servers/management/rdp/knowledgebase/00000091.html,31553,.html,not found,"Red Hat Linux Scripted Install Fails With ""Error Opening: kickstart file /tmp/ks.cfg: No Such File or Director"
hp-alphaserver-2008,products/servers/management/rdp/knowledgebase/00000128.html,33104,.html,error,"Red Hat Linux Image Deployment On A Server With Multiple Drives Causes An ""Invalid Partition"" Error"
hp-alphaserver-2008,products/servers/management/rdp/knowledgebase/00000138.html,58849,.html,error,What Are The PXE Error Codes?
hp-alphaserver-2008,products/servers/management/rdp/knowledgebase/00000164.html,31981,.html,error,"The Target Server During A Linux Scripted Install Halts With ""Error 22: No such partition"" Shown On The Target"
hp-alphaserver-2008,support/files/index.html,17042,.html,not found,Hewlett-Packard Page Not Found
hp-labs-2007,techreports/1999/HPL-1999-128R1.html,25308,.html,error,Tech Report: HPL-1999-128R1: Computing the Error Linear
hp-labs-2007,techreports/2002/HPL-2002-214.html,31311,.html,error,HP Labs : Tech Report: HPL-2002-214: Universally Attainable Error-Exponents for
hp-labs-2007,techreports/2005/HPL-2005-213.html,27564,.html,error,Tech Report: HPL-2005-213: Quantum error correction via
hp-labs-2007,techreports/2006/HPL-2006-88.html,27235,.html,error,Tech Report: HPL-2006-88: Optimizing SP-Frames for Error
hp-labs-2007,techreports/95/HPL-95-109.html,4975,.html,error,Tech Report: HPL-95-109: Probabilistic Crisscross Error Correction
hp-labs-2007,techreports/96/HPL-96-128R1.html,5337,.html,error,Tech Report: HPL-96-128R1: Color Diffusion: Error-Diffusion for
hp-labs-2007,techreports/97/HPL-97-78.html,5176,.html,error,Tech Report: HPL-97-78: Error Rate Analysis of
hp-labs-2007,techreports/98/HPL-98-169.html,5588,.html,error,Tech Reports: HPL-98-169: On Random Coding Error
hp-openvms-2008,doc/83final/BA554_90008/ch06s124.html,20309,.html,error,krb5_get_message &#8212; Convert an error code into the string representation
hp-openvms-2008,doc/83final/BA554_90008/ch06s150.html,21093,.html,error,krb5_mk_error &#8212; Format an error message
hp-openvms-2008,doc/83final/BA554_90008/ch06s163.html,21128,.html,error,krb5_rd_error &#8212; Read an error protocol message
hp-openvms-2008,doc/83final/BA554_90008/ch06s98.html,20709,.html,error,krb5_free_error &#8212; Free error information
hp-openvms-2008,wizard/wiz_0105.html,15600,.html,error,OpenVMS ask the wizard - INSFMEM dynamic memory error?
hp-openvms-2008,wizard/wiz_0111.html,15573,.html,error,OpenVMS ask the wizard - OMT DISKIMAG Error?
hp-openvms-2008,wizard/wiz_0602.html,15294,.html,error,OpenVMS ask the wizard - help with error messages (SKPDAT or otherwise)?
hp-openvms-2008,wizard/wiz_0743.html,15399,.html,error,OpenVMS ask the wizard - VAXstation SCSI hardware error?
hp-openvms-2008,wizard/wiz_0826.html,15867,.html,error,OpenVMS ask the wizard - Help with DECUS SYS_ACCESS tool error?
hp-openvms-2008,wizard/wiz_0917.html,18582,.html,error,"OpenVMS ask the wizard - sys$getjpi, condition (error) codes, and ASTs?"
hp-openvms-2008,wizard/wiz_1012.html,16590,.html,error,OpenVMS ask the wizard - OpenVMS VAX standalone BACKUP NOTANSI error?
hp-openvms-2008,wizard/wiz_1089.html,15947,.html,error,OpenVMS ask the wizard - TCP/IP (UCX?) LPR jobs retained on error?
hp-openvms-2008,wizard/wiz_1151.html,15943,.html,error,OpenVMS ask the wizard - Translating TCP/IP (UCX) error codes?
hp-openvms-2008,wizard/wiz_1293.html,15385,.html,error,OpenVMS ask the wizard - Bad SCSI status error?
hp-openvms-2008,wizard/wiz_1298.html,16129,.html,error,OpenVMS ask the wizard - AUDSRV NOACTION error under Oracle?
hp-openvms-2008,wizard/wiz_1301.html,16870,.html,error,OpenVMS ask the wizard - Help restoring BACKUP with NOVOLDATA error?
hp-openvms-2008,wizard/wiz_1413.html,15739,.html,error,OpenVMS ask the wizard - ANALYZE/ERROR and READERR/RTB errors? (DECevent)
hp-openvms-2008,wizard/wiz_1428.html,17328,.html,error,"OpenVMS ask the wizard - SYSINIT mount error, PROCGONE bugcheck?"
hp-openvms-2008,wizard/wiz_1481.html,16587,.html,error,OpenVMS ask the wizard - Error %x2398 (SYSVERDIF) on SYSLICENSE?
hp-openvms-2008,wizard/wiz_1555.html,17319,.html,error,OpenVMS ask the wizard - DELJNS journal error during DELETE?
hp-openvms-2008,wizard/wiz_1622.html,16828,.html,error,OpenVMS ask the wizard - MicroVAX II DEVINACT error on boot?
hp-openvms-2008,wizard/wiz_1783.html,16003,.html,error,OpenVMS ask the wizard - resolving protected image installation error?
hp-openvms-2008,wizard/wiz_1973.html,16132,.html,error,OpenVMS ask the wizard - C compilation error? (incompatible pointers)
hp-openvms-2008,wizard/wiz_2015.html,15558,.html,error,OpenVMS ask the wizard - Print Queue and LAT Port Error?
hp-openvms-2008,wizard/wiz_2016.html,16303,.html,not found,OpenVMS ask the wizard - Resolving No Such File Errors during DELETE?
hp-openvms-2008,wizard/wiz_2061.html,17581,.html,error,OpenVMS ask the wizard - DECnet connection REJECT error?
hp-openvms-2008,wizard/wiz_2115.html,16850,.html,error,OpenVMS ask the wizard - Application GBLSEC_MISMATCH error?
hp-openvms-2008,wizard/wiz_2232.html,15581,.html,error,OpenVMS ask the wizard - DECwindows no graphics devices found error?
hp-openvms-2008,wizard/wiz_2249.html,15565,.html,error,OpenVMS ask the wizard - Help with VT terminal hardware error?
hp-openvms-2008,wizard/wiz_2250.html,16305,.html,error,OpenVMS ask the wizard - DCL NOPAREN (value improperly delimited) error?
hp-openvms-2008,wizard/wiz_2477.html,16934,.html,error,OpenVMS ask the wizard - Bind NOERROR (unspecified) error?
hp-openvms-2008,wizard/wiz_2498.html,15990,.html,error,OpenVMS ask the wizard - PCSI error (hex 1652800A) on OpenVMS upgrade?
hp-openvms-2008,wizard/wiz_2530.html,15918,.html,error,OpenVMS ask the wizard - DECnet-Plus BCKTRNSFAIL error?
hp-openvms-2008,wizard/wiz_2536.html,16538,.html,error,OpenVMS ask the wizard - SORT OPENOUT error in COBOL application?
hp-openvms-2008,wizard/wiz_2561.html,19200,.html,error,OpenVMS ask the wizard - CD-ROM MOUNT FILESTRUCT error on V7.2?
hp-openvms-2008,wizard/wiz_2682.html,17221,.html,error,OpenVMS ask the wizard - DCL command procedure RMS RTB Error?
hp-openvms-2008,wizard/wiz_2695.html,16639,.html,error,OpenVMS ask the wizard - TCPIP$TELNETSYM NOIOCHAN No I/O Channel error?
hp-openvms-2008,wizard/wiz_2748.html,15626,.html,error,OpenVMS ask the wizard - DECnet-Plus Alignment Error OPCOM?
hp-openvms-2008,wizard/wiz_2750.html,15330,.html,error,OpenVMS ask the wizard - Clearing Device Error Counts?
hp-openvms-2008,wizard/wiz_2755.html,15854,.html,error,OpenVMS ask the wizard - DECnet-Plus UNREACHABLE error?
hp-openvms-2008,wizard/wiz_2765.html,15952,.html,error,OpenVMS ask the wizard - RMS NOPRIV error?
hp-openvms-2008,wizard/wiz_2822.html,15224,.html,error,OpenVMS ask the wizard - DCL error handling and READ?
hp-openvms-2008,wizard/wiz_2845.html,15786,.html,error,OpenVMS ask the wizard - BACKUP Process Quota (EXQUOTA) error?
hp-openvms-2008,wizard/wiz_2887.html,16073,.html,error,OpenVMS ask the wizard - DCL Error Handling?
hp-openvms-2008,wizard/wiz_2913.html,15871,.html,error,OpenVMS ask the wizard - SCSI (TMSCP served) tape error logging?
hp-openvms-2008,wizard/wiz_2944.html,15433,.html,error,OpenVMS ask the wizard - Third-Party FTP OPENCTRL error? (TCPware)
hp-openvms-2008,wizard/wiz_2949.html,16137,.html,error,OpenVMS ask the wizard - Apache webserver and RMS CRE file create error?
hp-openvms-2008,wizard/wiz_3001.html,16060,.html,error,OpenVMS ask the wizard - BACKUP INVDEVTYP error over DECnet?
hp-openvms-2008,wizard/wiz_3082.html,15557,.html,error,OpenVMS ask the wizard - MONITOR RECORD_FILE error?
hp-openvms-2008,wizard/wiz_3113.html,15239,.html,error,OpenVMS ask the wizard - Error message documentation? (DIRALLOC)
hp-openvms-2008,wizard/wiz_3137.html,15986,.html,error,OpenVMS ask the wizard - DECwindows CDE and VXT xrdb error?
hp-openvms-2008,wizard/wiz_3145.html,15605,.html,error,OpenVMS ask the wizard - DNS Skulk software error?
hp-openvms-2008,wizard/wiz_3162.html,18389,.html,error,OpenVMS ask the wizard - lib$wait and floating point FLTINV error?
hp-openvms-2008,wizard/wiz_3177.html,17542,.html,error,OpenVMS ask the wizard - DECwindows UIL/MOTIF LOCALE ENTNF error?
hp-openvms-2008,wizard/wiz_3187.html,16465,.html,error,OpenVMS ask the wizard - BACKUP and INCONQUALS error?
hp-openvms-2008,wizard/wiz_3197.html,15971,.html,error,OpenVMS ask the wizard - Redirection of errors? (SYS$ERROR)
hp-openvms-2008,wizard/wiz_3205.html,15423,.html,error,OpenVMS ask the wizard - DECwindows CDE and VXT xrdb error? (take II)
hp-openvms-2008,wizard/wiz_3230.html,18749,.html,error,OpenVMS ask the wizard - MatLib MathWorks SHRIDMISMAT error?
hp-openvms-2008,wizard/wiz_3234.html,16661,.html,error,OpenVMS ask the wizard - COBOL and CVT$FTOF MULDEF LINK Error?
hp-openvms-2008,wizard/wiz_3262.html,15640,.html,error,OpenVMS ask the wizard - Some System Error?
hp-openvms-2008,wizard/wiz_3264.html,15672,.html,error,OpenVMS ask the wizard - Q-bus DEVOFFLINE device offline error?
hp-openvms-2008,wizard/wiz_3321.html,15514,.html,error,OpenVMS ask the wizard - Advanced Server DCNOTFND error?
hp-openvms-2008,wizard/wiz_3420.html,16365,.html,error,OpenVMS ask the wizard - MUMPS and Error Handling?
hp-openvms-2008,wizard/wiz_3434.html,17347,.html,error,OpenVMS ask the wizard - MOUNT RMTMNTFAIL Error and File Corruption?
hp-openvms-2008,wizard/wiz_3448.html,15896,.html,error,OpenVMS ask the wizard - DTSS UPDATE and current time interval error?
hp-openvms-2008,wizard/wiz_3466.html,15793,.html,error,OpenVMS ask the wizard - TELNET IVADDR invalid media address error?
hp-openvms-2008,wizard/wiz_3473.html,15393,.html,error,OpenVMS ask the wizard - Tranceiver loopback error?
hp-openvms-2008,wizard/wiz_3479.html,16051,.html,error,OpenVMS ask the wizard - Standalone BACKUP and INSVIRMEM error?
hp-openvms-2008,wizard/wiz_3482.html,15332,.html,error,OpenVMS ask the wizard - INSTALL NOGBLSEC error on CMA$TIS?
hp-openvms-2008,wizard/wiz_3494.html,16549,.html,error,OpenVMS ask the wizard - FORCEDERROR disk error under Oracle Rdb Database?
hp-openvms-2008,wizard/wiz_3499.html,16321,.html,error,OpenVMS ask the wizard - BACKUP PROCINDEX ACCVIO error?
hp-openvms-2008,wizard/wiz_3518.html,15323,.html,error,OpenVMS ask the wizard - Determining cause of SS$_EXQUOTA error?
hp-openvms-2008,wizard/wiz_3546.html,16939,.html,error,OpenVMS ask the wizard - CMS MANCONLIB library error?
hp-openvms-2008,wizard/wiz_3555.html,16535,.html,error,OpenVMS ask the wizard - Resolving NOSUCHFILE error? (BACKUP)
hp-openvms-2008,wizard/wiz_3564.html,16217,.html,error,OpenVMS ask the wizard - Printing via TELNETSYM; NOIOCHAN error?
hp-openvms-2008,wizard/wiz_3593.html,17700,.html,error,"OpenVMS ask the wizard - BASIC, GEM, Optimization, and error detection?"
hp-openvms-2008,wizard/wiz_3664.html,15594,.html,error,OpenVMS ask the wizard - TCP/IP NFS and 000082B2 error?
hp-openvms-2008,wizard/wiz_3679.html,16292,.html,error,OpenVMS ask the wizard - Unexpected application error code? (S1032)
hp-openvms-2008,wizard/wiz_3695.html,16973,.html,error,"OpenVMS ask the wizard - PPP, modem, and MODEMNOREMOTE error?"
hp-openvms-2008,wizard/wiz_3736.html,18209,.html,error,OpenVMS ask the wizard - Debugging application DEVALLOC error? (BASIC)
hp-openvms-2008,wizard/wiz_3824.html,15578,.html,error,OpenVMS ask the wizard - PATHWORKS Network Error Codes?
hp-openvms-2008,wizard/wiz_3827.html,17023,.html,error,OpenVMS ask the wizard - Determing cause of BASIC file open error?
hp-openvms-2008,wizard/wiz_3884.html,15309,.html,error,OpenVMS ask the wizard - INSTALL NOSHRADR error?
hp-openvms-2008,wizard/wiz_3901.html,16311,.html,error,OpenVMS ask the wizard - Error sequence numbers and time stamps?
hp-openvms-2008,wizard/wiz_3910.html,15973,.html,error,OpenVMS ask the wizard - Netscape Navigator Database Error?
hp-openvms-2008,wizard/wiz_3993.html,15946,.html,error,OpenVMS ask the wizard - DCL Error Handling?
hp-openvms-2008,wizard/wiz_4110.html,15617,.html,error,OpenVMS ask the wizard - VAX EXECINIT error?
hp-openvms-2008,wizard/wiz_4210.html,16018,.html,error,OpenVMS ask the wizard - Details of Error Log Reports?
hp-openvms-2008,wizard/wiz_4233.html,15292,.html,error,OpenVMS ask the wizard - VAX PCSI kit installation? (AXPVMS error)
hp-openvms-2008,wizard/wiz_4267.html,15279,.html,error,OpenVMS ask the wizard - Help with PROXYNOTACTIVE error?
hp-openvms-2008,wizard/wiz_4270.html,15734,.html,error,OpenVMS ask the wizard - FTP RMS RTB Record Too Large Error?
hp-openvms-2008,wizard/wiz_4291.html,15709,.html,error,OpenVMS ask the wizard - Error updating the IDE driver?
hp-openvms-2008,wizard/wiz_4292.html,15991,.html,error,HP OpenVMS ask the wizard - Error code 22?
hp-openvms-2008,wizard/wiz_4329.html,17888,.html,error,OpenVMS ask the wizard - PCSI product install INVDSIPST1 error?
hp-openvms-2008,wizard/wiz_4334.html,16306,.html,error,OpenVMS ask the wizard - IP Printing and LINKDISCON error?
hp-openvms-2008,wizard/wiz_4368.html,15697,.html,error,OpenVMS ask the wizard - Java thread initialization error?
hp-openvms-2008,wizard/wiz_4373.html,15709,.html,error,OpenVMS ask the wizard - IP Printing and NOIOCHAN error?
hp-openvms-2008,wizard/wiz_4386.html,16802,.html,error,OpenVMS ask the wizard - RMS returning CRMP error?
hp-openvms-2008,wizard/wiz_4398.html,15164,.html,error,OpenVMS ask the wizard - DECnet back translation error?
hp-openvms-2008,wizard/wiz_4464.html,16965,.html,error,OpenVMS ask the wizard - TCP/IP CFGETERROR error?
hp-openvms-2008,wizard/wiz_4493.html,15648,.html,error,OpenVMS ask the wizard - DECnet-Plus BCKTRNSFAIL error?
hp-openvms-2008,wizard/wiz_4523.html,19062,.html,error,OpenVMS ask the wizard - Causes of INSVIRMEN error?
hp-openvms-2008,wizard/wiz_4531.html,39723,.html,error,OpenVMS ask the wizard - Help with Macro32 DATINCODE error?
hp-openvms-2008,wizard/wiz_4560.html,16887,.html,error,OpenVMS ask the wizard - INSTALL and notraceback? $ENQ NODOMAIN Error?
hp-openvms-2008,wizard/wiz_4572.html,16475,.html,error,OpenVMS ask the wizard - CONVERT illegal record error?
hp-openvms-2008,wizard/wiz_4573.html,16439,.html,error,OpenVMS ask the wizard - Error in UIC specification? (UICERR)
hp-openvms-2008,wizard/wiz_4586.html,17266,.html,error,OpenVMS ask the wizard - Cause of NOLICENSE error? (DECnet)
hp-openvms-2008,wizard/wiz_4614.html,30163,.html,error,OpenVMS ask the wizard - Help decoding hardware error log?
hp-openvms-2008,wizard/wiz_4662.html,16068,.html,error,OpenVMS ask the wizard - Perl object method error?
hp-openvms-2008,wizard/wiz_4672.html,16132,.html,error,OpenVMS ask the wizard - VAXstation NOSUCHFILE console boot error?
hp-openvms-2008,wizard/wiz_4700.html,15934,.html,error,OpenVMS ask the wizard - Illegal line number error? (BASIC)
hp-openvms-2008,wizard/wiz_4716.html,16025,.html,error,OpenVMS ask the wizard - Windows NT returning DECnet error?
hp-openvms-2008,wizard/wiz_4789.html,17089,.html,error,OpenVMS ask the wizard - DECevent and ANALYZE/ERROR? (CEHFND)
hp-openvms-2008,wizard/wiz_4794.html,15431,.html,error,OpenVMS ask the wizard - Seeking help with DECserver hardware error?
hp-openvms-2008,wizard/wiz_4798.html,17792,.html,error,OpenVMS ask the wizard - Resolving LICENSE LOAD error? (EXCEEDED)
hp-openvms-2008,wizard/wiz_4809.html,16419,.html,error,OpenVMS ask the wizard - DCL Error Handling?
hp-openvms-2008,wizard/wiz_4812.html,16454,.html,error,OpenVMS ask the wizard - Telnetsym Error 660 on HP Printer?
hp-openvms-2008,wizard/wiz_4836.html,16153,.html,error,OpenVMS ask the wizard - Meaning of LKWSETFUL Error?
hp-openvms-2008,wizard/wiz_4858.html,16047,.html,error,OpenVMS ask the wizard - Bad License Management Error?
hp-openvms-2008,wizard/wiz_4878.html,15699,.html,error,OpenVMS ask the wizard - PATHWORKS licensing error?
hp-openvms-2008,wizard/wiz_4925.html,15581,.html,error,OpenVMS ask the wizard - DCPS FLUSHING error on HP LaserJet 8000?
hp-openvms-2008,wizard/wiz_4946.html,16096,.html,error,"OpenVMS ask the wizard - IP Printing error? (LPD_BADPORT, EXQUOTA)"
hp-openvms-2008,wizard/wiz_4981.html,15331,.html,error,OpenVMS ask the wizard - Network frame check error?
hp-openvms-2008,wizard/wiz_4985.html,16664,.html,error,OpenVMS ask the wizard - Fortran DECnet task-to-task error?
hp-openvms-2008,wizard/wiz_5063.html,15402,.html,error,OpenVMS ask the wizard - AlphaStation cache memory parity error?
hp-openvms-2008,wizard/wiz_5085.html,15616,.html,error,OpenVMS ask the wizard - Waiting for [SCSI port] to poll error?
hp-openvms-2008,wizard/wiz_5112.html,17110,.html,error,OpenVMS ask the wizard - TCP/IP INVRECORD Error?
hp-openvms-2008,wizard/wiz_5147.html,15386,.html,error,OpenVMS ask the wizard - MicroVAX Console TEST 75 error?
hp-openvms-2008,wizard/wiz_5155.html,15472,.html,error,OpenVMS ask the wizard - Virtual Terminal Disconnection Error?
hp-openvms-2008,wizard/wiz_5166.html,15507,.html,error,OpenVMS ask the wizard - PPL$_INSVIRMEM error?
hp-openvms-2008,wizard/wiz_5211.html,15706,.html,error,OpenVMS ask the wizard - (Unspecified) SCSI RAID Hardware Error?
hp-openvms-2008,wizard/wiz_5250.html,15742,.html,error,OpenVMS ask the wizard - Meaning of LINKABORT error?
hp-openvms-2008,wizard/wiz_5278.html,15332,.html,error,OpenVMS ask the wizard - DSM (MUMPS) Command Error?
hp-openvms-2008,wizard/wiz_5280.html,15430,.html,error,OpenVMS ask the wizard - Details of LINKER BRRANGE Error?
hp-openvms-2008,wizard/wiz_5285.html,16846,.html,error,OpenVMS ask the wizard - File copy failure? (unspecified error)
hp-openvms-2008,wizard/wiz_5287.html,15926,.html,error,OpenVMS ask the wizard - TCP/IP LPD BADPORT INSFMEM Error?
hp-openvms-2008,wizard/wiz_5301.html,16044,.html,error,OpenVMS ask the wizard - Console configuration error message?
hp-openvms-2008,wizard/wiz_5357.html,16293,.html,error,OpenVMS ask the wizard - Third-party compiler error? (XD Ada)
hp-openvms-2008,wizard/wiz_5374.html,15989,.html,error,OpenVMS ask the wizard - DECevent PAK? (ANALYZE/ERROR CEHFND)
hp-openvms-2008,wizard/wiz_5426.html,15618,.html,error,OpenVMS ask the wizard - SWXCR Controller Error?
hp-openvms-2008,wizard/wiz_5471.html,15639,.html,error,OpenVMS ask the wizard - Deleting queue entries retained on error?
hp-openvms-2008,wizard/wiz_5474.html,15520,.html,error,OpenVMS ask the wizard - Translation of error 030AEBB4?
hp-openvms-2008,wizard/wiz_5555.html,16573,.html,error,OpenVMS ask the wizard - IP print queue restart error?
hp-openvms-2008,wizard/wiz_5609.html,15392,.html,error,OpenVMS ask the wizard - Enterprise Toolkit Installation Error?
hp-openvms-2008,wizard/wiz_5631.html,16846,.html,error,OpenVMS ask the wizard - Symbiont invalid data (INVSMBMSG) error?
hp-openvms-2008,wizard/wiz_5730.html,16147,.html,error,OpenVMS ask the wizard - EDIT (Editor) NONANSICRT Error?
hp-openvms-2008,wizard/wiz_5731.html,15440,.html,error,OpenVMS ask the wizard - Analyzing System Error Logs?
hp-openvms-2008,wizard/wiz_5786.html,15664,.html,error,OpenVMS ask the wizard - BACKUP and EXQUOTA Error?
hp-openvms-2008,wizard/wiz_5827.html,15453,.html,error,OpenVMS ask the wizard - Galaxy TPIO configuration error?
hp-openvms-2008,wizard/wiz_5925.html,264681,.html,error,OpenVMS ask the wizard - DECnet-Plus Alignment Error OPCOM? (take II)
hp-openvms-2008,wizard/wiz_5951.html,15616,.html,not found,"OpenVMS ask the wizard - Unable to use SMTP, image not found?"
hp-openvms-2008,wizard/wiz_5965.html,15327,.html,error,OpenVMS ask the wizard - Analyzing error logs on OpenVMS?
hp-openvms-2008,wizard/wiz_6002.html,17078,.html,error,"OpenVMS ask the wizard - Failure to bootstrap system, boot error code?"
hp-openvms-2008,wizard/wiz_6010.html,15348,.html,error,OpenVMS ask the wizard - SET PRINTER CLI Syntax Error?
hp-openvms-2008,wizard/wiz_6041.html,15768,.html,error,OpenVMS ask the wizard - Macro HINTRTN error?
hp-openvms-2008,wizard/wiz_6082.html,15623,.html,error,OpenVMS ask the wizard - Details of Error Log Contents?
hp-openvms-2008,wizard/wiz_6266.html,15900,.html,error,OpenVMS ask the wizard - ABS_ARCH_ACCESS_FAILED error?
hp-openvms-2008,wizard/wiz_6282.html,15661,.html,error,OpenVMS ask the wizard - DCE rpcd ept database error?
hp-openvms-2008,wizard/wiz_6320.html,16524,.html,error,OpenVMS ask the wizard - DCL SUPERSEDE Error? Mouse-less Workstation?
hp-openvms-2008,wizard/wiz_6368.html,15855,.html,error,OpenVMS ask the wizard - CMS reports EXQUOTA error?
hp-openvms-2008,wizard/wiz_6399.html,16947,.html,error,OpenVMS ask the wizard - Resolving INSVIRMEM error?
hp-openvms-2008,wizard/wiz_6416.html,15564,.html,error,OpenVMS ask the wizard - DCERPC Error Message? (PROTSEQNOTSUPPO)
hp-openvms-2008,wizard/wiz_6433.html,15602,.html,error,OpenVMS ask the wizard - Freeware TSM021 Decompression Error?
hp-openvms-2008,wizard/wiz_6445.html,15327,.html,error,OpenVMS ask the wizard - BACKUP and NOMSG Error?
hp-openvms-2008,wizard/wiz_6472.html,16323,.html,error,OpenVMS ask the wizard - Cause of disk DEVOFFLINE error?
hp-openvms-2008,wizard/wiz_6490.html,16091,.html,error,OpenVMS ask the wizard - BACKUP and WAITIDLEBCB error?
hp-openvms-2008,wizard/wiz_6511.html,15270,.html,error,OpenVMS ask the wizard - AlphaServer ES40 Console (TIG) Error?
hp-openvms-2008,wizard/wiz_6518.html,16090,.html,error,OpenVMS ask the wizard - Resolving DECnet LINKABORT Error?
hp-openvms-2008,wizard/wiz_6525.html,15541,.html,error,OpenVMS ask the wizard - No ANALYZE/ERROR on recent OpenVMS?
hp-openvms-2008,wizard/wiz_6547.html,15381,.html,error,OpenVMS ask the wizard - Help debugging DCL SET error?
hp-openvms-2008,wizard/wiz_6550.html,15585,.html,error,OpenVMS ask the wizard - AlphaStation 600 hardware error?
hp-openvms-2008,wizard/wiz_6563.html,16026,.html,error,OpenVMS ask the wizard - Resolving LINKER DATMISCH Error?
hp-openvms-2008,wizard/wiz_6572.html,15327,.html,error,OpenVMS ask the wizard - BASIC uses unused error? (UNUERR255)
hp-openvms-2008,wizard/wiz_6584.html,15375,.html,error,OpenVMS ask the wizard - Resolving LINK DATMISMCH error?
hp-openvms-2008,wizard/wiz_6589.html,15894,.html,error,OpenVMS ask the wizard - BACKUP CLD Command Error?
hp-openvms-2008,wizard/wiz_6594.html,16328,.html,error,OpenVMS ask the wizard - LOGIN error CLITBLFAIL?
hp-openvms-2008,wizard/wiz_6596.html,16144,.html,error,OpenVMS ask the wizard - Debugging Run-time Executable Image Error?
hp-openvms-2008,wizard/wiz_6614.html,17918,.html,error,"OpenVMS ask the wizard - AUTHORIZE, identifiers, and NOTIDFMT Error?"
hp-openvms-2008,wizard/wiz_6638.html,17294,.html,error,"OpenVMS ask the wizard - DCL error handling, COPY errors?"
hp-openvms-2008,wizard/wiz_6641.html,16098,.html,error,OpenVMS ask the wizard - NOCMDPROC captive command procedure error?
hp-openvms-2008,wizard/wiz_6658.html,16663,.html,error,OpenVMS ask the wizard - ACCVIO error within BASIC Compiler?
hp-openvms-2008,wizard/wiz_6668.html,15552,.html,error,OpenVMS ask the wizard - DECforms FORMS TRANSLATE ACCVIO Error?
hp-openvms-2008,wizard/wiz_6709.html,15612,.html,error,OpenVMS ask the wizard - MicroVAX Self-Test Diagnostic Error?
hp-openvms-2008,wizard/wiz_6751.html,15981,.html,error,OpenVMS ask the wizard - Decoding NOMSG Error Message?
hp-openvms-2008,wizard/wiz_6827.html,15687,.html,error,OpenVMS ask the wizard - Translating NOMSG error codes? (CMS)
hp-openvms-2008,wizard/wiz_6878.html,16273,.html,error,OpenVMS ask the wizard - RMS duplicate key detected error? (DUP)
hp-openvms-2008,wizard/wiz_6887.html,20915,.html,error,"OpenVMS ask the wizard - Shareable Image, LINKER, and RECTYP error?"
hp-openvms-2008,wizard/wiz_6895.html,16151,.html,error,OpenVMS ask the wizard - error opening captive command proc (NOCMDPROC)?
hp-openvms-2008,wizard/wiz_6900.html,19585,.html,error,OpenVMS ask the wizard - File Read Error (RER) and Parity Error?
hp-openvms-2008,wizard/wiz_6902.html,17403,.html,error,OpenVMS ask the wizard - Help Translating Error Messages? CLISYMTBL?
hp-openvms-2008,wizard/wiz_7030.html,19332,.html,error,"OpenVMS ask the wizard - RMS, COBOL and OPCDEC error?"
hp-openvms-2008,wizard/wiz_7057.html,16382,.html,error,OpenVMS ask the wizard - PCNFS Client Error?
hp-openvms-2008,wizard/wiz_7087.html,16526,.html,error,OpenVMS ask the wizard - DECnet COPY and LINKEXIT error?
hp-openvms-2008,wizard/wiz_7099.html,15562,.html,error,OpenVMS ask the wizard - TURBOchannel (PMAG) hardware error?
hp-openvms-2008,wizard/wiz_7158.html,15612,.html,error,"OpenVMS ask the wizard - MicroVAX 3100 UNXINT, RT-retrbtcr error?"
hp-openvms-2008,wizard/wiz_7184.html,15633,.html,error,OpenVMS ask the wizard - Zero error counts?
hp-openvms-2008,wizard/wiz_7235.html,16194,.html,error,"OpenVMS ask the wizard - RUN/DETACH, RTB Error, DCL Syntax?"
hp-openvms-2008,wizard/wiz_7242.html,16231,.html,error,OpenVMS ask the wizard - Disk Write Check Error? (DATACHECK)
hp-openvms-2008,wizard/wiz_7255.html,15930,.html,error,OpenVMS ask the wizard - TCP/IP rsh NOPRIV privilege error?
hp-openvms-2008,wizard/wiz_7260.html,17427,.html,error,OpenVMS ask the wizard - DECnet-Plus Late Collision CSMA/CD Error?
hp-openvms-2008,wizard/wiz_7289.html,16494,.html,not found,"OpenVMS ask the wizard - FILNOTDEL, error deleting, file not found?"
hp-openvms-2008,wizard/wiz_7295.html,15354,.html,error,OpenVMS ask the wizard - Disk Hardware Error Logging?
hp-openvms-2008,wizard/wiz_7303.html,16428,.html,error,OpenVMS ask the wizard - Translating OpenVMS Condition (Error) Values?
hp-openvms-2008,wizard/wiz_7334.html,15760,.html,error,OpenVMS ask the wizard - Meaning of VOLINV Error?
hp-openvms-2008,wizard/wiz_7398.html,16272,.html,error,OpenVMS ask the wizard - Telnetsym IP print symbiont timeout error?
hp-openvms-2008,wizard/wiz_7403.html,16400,.html,error,OpenVMS ask the wizard - MicroVAX console DEVINACT Q-bus error?
hp-openvms-2008,wizard/wiz_7441.html,15515,.html,error,OpenVMS ask the wizard - Meaning of Disk Device Error Counts?
hp-openvms-2008,wizard/wiz_7476.html,15791,.html,error,OpenVMS ask the wizard - Application Exits with Unexpected Error Code?
hp-openvms-2008,wizard/wiz_7486.html,16157,.html,error,OpenVMS ask the wizard - Printcap LPD_NOSPOOLDIR error?
hp-openvms-2008,wizard/wiz_7494.html,16385,.html,error,OpenVMS ask the wizard - CMS NOEXTENDEDREF error on ODS-2 disk?
hp-openvms-2008,wizard/wiz_7545.html,16696,.html,error,OpenVMS ask the wizard - SCSI Disk Parity Error?
hp-openvms-2008,wizard/wiz_7589.html,15221,.html,error,OpenVMS ask the wizard - PCSI Product Material Ordering Error?
hp-openvms-2008,wizard/wiz_7601.html,15227,.html,error,OpenVMS ask the wizard - Seeks Network Error Counters?
hp-openvms-2008,wizard/wiz_7607.html,15783,.html,error,OpenVMS ask the wizard - License INCLUDE list (NOINC) error?
hp-openvms-2008,wizard/wiz_7634.html,15580,.html,not found,OpenVMS ask the wizard - PRINT and Key Not Found? (KEYNOTFND)
hp-openvms-2008,wizard/wiz_7650.html,17267,.html,error,OpenVMS ask the wizard - DEC 2000 console SCSI error?
hp-openvms-2008,wizard/wiz_7654.html,15554,.html,error,OpenVMS ask the wizard - BACKUP and DCL Error Handling?
hp-openvms-2008,wizard/wiz_7668.html,17145,.html,error,OpenVMS ask the wizard - PCSI INVSPIDST1 Error?
hp-openvms-2008,wizard/wiz_7681.html,15989,.html,error,OpenVMS ask the wizard - VAXstation console (hardware) error?
hp-openvms-2008,wizard/wiz_7683.html,16146,.html,error,OpenVMS ask the wizard - MicroVAX console (hardware) error?
hp-openvms-2008,wizard/wiz_7717.html,16025,.html,error,"OpenVMS ask the wizard - ACMS, TDMS, and I/O (HANGUP) Error?"
hp-openvms-2008,wizard/wiz_7721.html,15257,.html,error,OpenVMS ask the wizard - Fatal Drive error with SSL2020 AIT Tape?
hp-openvms-2008,wizard/wiz_7730.html,16205,.html,error,OpenVMS ask the wizard - FTP Illegal Record (IRC) Error?
hp-openvms-2008,wizard/wiz_7777.html,16508,.html,error,OpenVMS ask the wizard - SCSI bus polling error?
hp-openvms-2008,wizard/wiz_7853.html,16078,.html,error,OpenVMS ask the wizard - Distributed System (Error) Management Reports?
hp-openvms-2008,wizard/wiz_7857.html,15361,.html,error,OpenVMS ask the wizard - Meaning of INSVIRMEM error?
hp-openvms-2008,wizard/wiz_7860.html,15582,.html,error,OpenVMS ask the wizard - ILLPAGCNT error in third-party product?
hp-openvms-2008,wizard/wiz_7880.html,16480,.html,error,OpenVMS ask the wizard - Meaning of and causes of INVLOGIN error?
hp-openvms-2008,wizard/wiz_7894.html,15774,.html,error,OpenVMS ask the wizard - BACKUP and index file error (PROCINDEX)?
hp-openvms-2008,wizard/wiz_7905.html,16261,.html,error,OpenVMS ask the wizard - Translating condition values to error messages?
hp-openvms-2008,wizard/wiz_7909.html,16333,.html,error,"OpenVMS ask the wizard - BACKUP and PROCINDEX, ACCVIO error?"
hp-openvms-2008,wizard/wiz_7925.html,15646,.html,error,OpenVMS ask the wizard - IP rsh privilege (NOPRIV) error with bind?
hp-openvms-2008,wizard/wiz_7936.html,15829,.html,error,OpenVMS ask the wizard - file is not expired (FILNOTEXP) error?
hp-openvms-2008,wizard/wiz_7937.html,16821,.html,error,OpenVMS ask the wizard - SRM T-ERR-SCSI and Bootblock error?
hp-openvms-2008,wizard/wiz_7968.html,19999,.html,forbidden,OpenVMS ask the wizard - Finding cause of unauthorized license error?
hp-openvms-2008,wizard/wiz_8027.html,15397,.html,error,"OpenVMS ask the wizard - Clear, Zero, Reset Device Error Counts?"
hp-openvms-2008,wizard/wiz_8054.html,16597,.html,error,OpenVMS ask the wizard - Meaning of DEVBUSYINVMOS MOUNT error?
hp-openvms-2008,wizard/wiz_8055.html,18688,.html,error,OpenVMS ask the wizard - Meaning of disk DEVICEFULL error?
hp-openvms-2008,wizard/wiz_8081.html,15286,.html,error,OpenVMS ask the wizard - Application error from unknown application?
hp-openvms-2008,wizard/wiz_8082.html,15549,.html,error,OpenVMS ask the wizard - Cause of DRVERR Fatal Drive Error?
hp-openvms-2008,wizard/wiz_8121.html,15393,.html,error,OpenVMS ask the wizard - VAX Console UNXINT Self-Test Error?
hp-openvms-2008,wizard/wiz_8139.html,15679,.html,error,OpenVMS ask the wizard - SET SECURITY parsing error?
hp-openvms-2008,wizard/wiz_8165.html,16570,.html,error,OpenVMS ask the wizard - SLS and DIRALLOC error?
hp-openvms-2008,wizard/wiz_8166.html,16560,.html,error,OpenVMS ask the wizard - Meaning of DIRALLOC Directory Error?
hp-openvms-2008,wizard/wiz_8173.html,17996,.html,error,"OpenVMS ask the wizard - BACKUP Error, Condition (Error) Value Text?"
hp-openvms-2008,wizard/wiz_8192.html,15797,.html,error,OpenVMS ask the wizard - DNS/BIND SET NAME and DCL Error?
hp-openvms-2008,wizard/wiz_8223.html,15360,.html,error,OpenVMS ask the wizard - Compiler Bugcheck; Internal Error?
hp-openvms-2008,wizard/wiz_8275.html,15792,.html,error,OpenVMS ask the wizard - Machine Check (MCHK) IOD Detected Hard Error?
hp-openvms-2008,wizard/wiz_8333.html,15926,.html,error,OpenVMS ask the wizard - MONITOR and DECnet VPM Connection Error?
hp-openvms-2008,wizard/wiz_8360.html,15685,.html,error,OpenVMS ask the wizard - Images and RMS Record Too Big (RTB) Error?
hp-openvms-2008,wizard/wiz_8378.html,16617,.html,error,OpenVMS ask the wizard - DEClaser Hardware Failure or Configuration Error
hp-openvms-2008,wizard/wiz_8399.html,15471,.html,error,OpenVMS ask the wizard - Meaning of (Unspecified) BACKUP Error?
hp-openvms-2008,wizard/wiz_8416.html,15167,.html,error,OpenVMS ask the wizard - System Services for Error Count?
hp-openvms-2008,wizard/wiz_8432.html,15863,.html,error,OpenVMS ask the wizard - BACKUP insufficient call arguments error?
hp-openvms-2008,wizard/wiz_8438.html,15978,.html,error,OpenVMS ask the wizard - Help Debugging SYSERROR Error?
hp-openvms-2008,wizard/wiz_8451.html,16250,.html,error,OpenVMS ask the wizard - Help Debugging Application Error?
hp-openvms-2008,wizard/wiz_8474.html,15934,.html,error,"OpenVMS ask the wizard - SMTP_CFERROR, Control File Error?"
hp-openvms-2008,wizard/wiz_8511.html,15741,.html,error,OpenVMS ask the wizard - Translating OpenVMS Binary Error Message Code?
hp-openvms-2008,wizard/wiz_8512.html,15281,.html,error,OpenVMS ask the wizard - Translating Error Code into Text?
hp-openvms-2008,wizard/wiz_8516.html,15751,.html,not found,"OpenVMS ask the wizard - ENTNF, specified entity not found in command table"
hp-openvms-2008,wizard/wiz_8675.html,16254,.html,error,OpenVMS ask the wizard - UCXECO V4.0 for TCP/IP V4.2 PCSI Error?
hp-openvms-2008,wizard/wiz_8706.html,15798,.html,error,OpenVMS ask the wizard - Apache CSWS_Java JNI Class Error?
hp-openvms-2008,wizard/wiz_8767.html,17427,.html,error,OpenVMS ask the wizard - Translating Numeric Error Codes? (Condition Valu
hp-openvms-2008,wizard/wiz_8771.html,15671,.html,error,OpenVMS ask the wizard - Memory Error Handling? (ECC)
hp-openvms-2008,wizard/wiz_8787.html,15971,.html,error,OpenVMS ask the wizard - eXcursion and EAFNOSUPPORT Error?
hp-openvms-2008,wizard/wiz_8809.html,15851,.html,error,OpenVMS ask the wizard - PATHWORKS 32 client license error?
hp-openvms-2008,wizard/wiz_8810.html,16382,.html,error,OpenVMS ask the wizard - BASIC and Debugger INTERR Internal Error?
hp-openvms-2008,wizard/wiz_8814.html,16602,.html,error,OpenVMS ask the wizard - COBOL ILLAREAA Invalid Area A Error?
hp-openvms-2008,wizard/wiz_8858.html,15630,.html,forbidden,OpenVMS ask the wizard - HTTP Response 403 (Forbidden)?
hp-openvms-2008,wizard/wiz_8880.html,16929,.html,error,OpenVMS ask the wizard - CSWS Apache Startup Error?
hp-openvms-2008,wizard/wiz_8881.html,16692,.html,error,OpenVMS ask the wizard - TDMS (INSFRESRC) insufficent resources error?
hp-openvms-2008,wizard/wiz_8908.html,16385,.html,error,OpenVMS ask the wizard - Troubleshooting Hardware Self-Test Error?
hp-openvms-2008,wizard/wiz_8958.html,15944,.html,error,OpenVMS ask the wizard - PCSI error in processing product description file?
hp-openvms-2008,wizard/wiz_8993.html,16385,.html,error,OpenVMS ask the wizard - IBM MQ Series Reporting Error?
hp-openvms-2008,wizard/wiz_8995.html,16243,.html,error,OpenVMS ask the wizard - FTP_NETERR Network Device Timeout Error?
hp-openvms-2008,wizard/wiz_9042.html,15601,.html,error,"OpenVMS ask the wizard - SS$_CHANINTLK error? (76, %x4c)"
hp-openvms-2008,wizard/wiz_9051.html,16210,.html,error,"OpenVMS ask the wizard - Error Message HELP, Details?"
hp-openvms-2008,wizard/wiz_9052.html,16354,.html,error,OpenVMS ask the wizard - MONITOR Display or Documentation Error?
hp-openvms-2008,wizard/wiz_9053.html,17189,.html,error,HP OpenVMS ask the wizard - BACKUP and BTCROUT RMS Syntax Error?
hp-openvms-2008,wizard/wiz_9055.html,17719,.html,error,OpenVMS ask the wizard - Diagnosing Hardware or BACKUP Error?
hp-openvms-2008,wizard/wiz_9058.html,20458,.html,error,OpenVMS ask the wizard - BASEstar Startup Error?
hp-openvms-2008,wizard/wiz_9063.html,15743,.html,error,OpenVMS ask the wizard - AUTOGEN and OPCDEC Reserved OpCode Error?
hp-openvms-2008,wizard/wiz_9084.html,22823,.html,error,OpenVMS ask the wizard - Debugging C Coding Error?
hp-openvms-2008,wizard/wiz_9096.html,18616,.html,error,OpenVMS ask the wizard - Ethernet Network or Hardware Error?
hp-openvms-2008,wizard/wiz_9098.html,15317,.html,error,OpenVMS ask the wizard - Source Of OPCOM/Broadcast/Error Message?
hp-openvms-2008,wizard/wiz_9122.html,16152,.html,error,"OpenVMS ask the wizard - C-Detected Coding Error, Compiler Messages?"
hp-openvms-2008,wizard/wiz_9145.html,16823,.html,error,OpenVMS ask the wizard - Debugging DCL RENAME Error?
hp-openvms-2008,wizard/wiz_9163.html,16441,.html,error,OpenVMS ask the wizard - Meaning of LKWSETFUL error?
hp-openvms-2008,wizard/wiz_9194.html,15571,.html,error,OpenVMS ask the wizard - Translating Condition (Error) Codes?
hp-openvms-2008,wizard/wiz_9232.html,16347,.html,error,OpenVMS ask the wizard - TCP/IP SET SERVICE and INVRECORD error?
hp-openvms-2008,wizard/wiz_9246.html,15686,.html,error,OpenVMS ask the wizard - SMTP (mail) Symbiont Error?
hp-openvms-2008,wizard/wiz_9297.html,15864,.html,error,HP OpenVMS ask the wizard - C++ and DCE IDL TYPNOLNKFUN error?
hp-openvms-2008,wizard/wiz_9300.html,16430,.html,error,HP OpenVMS ask the wizard - Net-Work and TCPware error?
hp-openvms-2008,wizard/wiz_9351.html,15291,.html,error,HP OpenVMS ask the wizard - Seeking Hardware (Error) Troubleshooting?
hp-openvms-2008,wizard/wiz_9372.html,15664,.html,error,HP OpenVMS ask the wizard - Transient Perl error on file rename?
hp-openvms-2008,wizard/wiz_9392.html,17561,.html,error,HP OpenVMS ask the wizard - Volume MOUNT Error Log Messages?
hp-openvms-2008,wizard/wiz_9402.html,16905,.html,not found,HP OpenVMS ask the wizard - $sndjbc and FNF No Such File errors?
hp-openvms-2008,wizard/wiz_9451.html,18408,.html,error,HP OpenVMS ask the wizard - Help With Error Log? Hardware Errors?
hp-openvms-2008,wizard/wiz_9466.html,15357,.html,error,HP OpenVMS ask the wizard - VAX Hardware Error?
hp-openvms-2008,wizard/wiz_9539.html,17429,.html,error,HP OpenVMS ask the wizard - Information on Error Messages and Recovery?
hp-openvms-2008,wizard/wiz_9541.html,16239,.html,error,"HP OpenVMS ask the wizard - CTRLERR, fatal controller error? Bad Hardware?"
hp-openvms-2008,wizard/wiz_9558.html,17138,.html,error,HP OpenVMS ask the wizard - Meaning of PARITY (Hardware) Error?
hp-openvms-2008,wizard/wiz_9575.html,17551,.html,error,HP OpenVMS ask the wizard - Fortran Output Conversion Error (OUTCONERR)?
hp-openvms-2008,wizard/wiz_9598.html,15886,.html,error,HP OpenVMS ask the wizard - Advanced Server and TCP/IP Services Error?
hp-openvms-2008,wizard/wiz_9640.html,15656,.html,error,HP OpenVMS ask the wizard - Managing ERRLOG.SYS Error Log?
hp-openvms-2008,wizard/wiz_9656.html,16933,.html,error,HP OpenVMS ask the wizard - DCL MAXPARM too many parameters error?
hp-openvms-2008,wizard/wiz_9676.html,15382,.html,error,HP OpenVMS ask the wizard - ANALYZE/DISK and OPENQUOTA Error?
hp-openvms-2008,wizard/wiz_9698.html,16559,.html,error,"HP OpenVMS ask the wizard - BACKUP BTCROUT, an RMS Syntax Error?"
hp-openvms-2008,wizard/wiz_9701.html,19818,.html,error,HP OpenVMS ask the wizard - Bus Error Dump with Java V1.1.8-5?
hp-openvms-2008,wizard/wiz_9735.html,16047,.html,error,HP OpenVMS ask the wizard - Radeon 7500 GKS Display Error?
hp-openvms-2008,wizard/wiz_9737.html,16154,.html,error,HP OpenVMS ask the wizard - Translating Error Codes to Messages?
hp-openvms-2008,wizard/wiz_9771.html,16268,.html,error,HP OpenVMS ask the wizard - DCL and Error Handling?
hp-openvms-2008,wizard/wiz_9804.html,17464,.html,error,HP OpenVMS ask the wizard - Meaning of Mount Verification (MNTVER) Error?
hp-openvms-2008,wizard/wiz_9861.html,16219,.html,error,HP OpenVMS ask the wizard - StorageWorks SWCC Agent Error?
hp-openvms-2008,wizard/wiz_9881.html,15195,.html,not found,HP OpenVMS ask the wizard - Causes of No Such File Errors?
hp-openvms-2008,wizard/wiz_9903.html,17031,.html,error,"HP OpenVMS ask the wizard - Java r.exec, Error Codes, File Specs?"
hp-openvms-2008,wizard/wiz_9907.html,16600,.html,error,HP OpenVMS ask the wizard - Error in BASIC string function?
ibiblio-historic-linux,distributions/redhat-3.0.3/i386/doc/HTML/ldp/SCSI-Programming-HOWTO-20.html,18639,.html,error,The Linux SCSI programming HOWTO: Error handling
ibiblio-historic-linux,distributions/redhat-4.0/i386/doc/HTML/ldp/SCSI-Programming-HOWTO-20.html,18639,.html,error,The Linux SCSI programming HOWTO: Error handling
ibiblio-historic-linux,distributions/redhat-4.0/i386/live/usr/doc/HTML/ldp/SCSI-Programming-HOWTO-21.html,18366,.html,error,The Linux SCSI programming HOWTO: Error handling
ibiblio-historic-linux,distributions/redhat-4.0/sparc/doc/HTML/ldp/SCSI-Programming-HOWTO-20.html,18639,.html,error,The Linux SCSI programming HOWTO: Error handling
ibiblio-historic-linux,distributions/redhat-4.1/i386/doc/HTML/ldp/SCSI-Programming-HOWTO-20.html,18639,.html,error,The Linux SCSI programming HOWTO: Error handling
ibiblio-historic-linux,distributions/redhat-4.1/i386/live/usr/doc/HTML/ldp/SCSI-Programming-HOWTO-21.html,18366,.html,error,The Linux SCSI programming HOWTO: Error handling
ibiblio-historic-linux,distributions/redhat-4.2/alpha/live/usr/doc/HTML/ldp/SCSI-Programming-HOWTO-21.html,18366,.html,error,The Linux SCSI programming HOWTO: Error handling
ibiblio-historic-linux,distributions/redhat-4.2/i386/live/usr/doc/HTML/ldp/SCSI-Programming-HOWTO-21.html,18366,.html,error,The Linux SCSI programming HOWTO: Error handling
ibiblio-historic-linux,distributions/redhat-5.0/i386/live/usr/doc/HOWTO/other-formats/html/SCSI-Programming-HOWTO-21.html,18366,.html,error,The Linux SCSI programming HOWTO: Error handling
ibiblio-historic-linux,distributions/redhat-5.0/i386/live/usr/doc/ImageMagick-3.9.1/www/api/error.html,4585,.html,error,error - ImageMagick Error Routines
ibiblio-historic-linux,distributions/redhat-5.1/i386/live/usr/doc/ImageMagick-4.0.5/www/api/error.html,4184,.html,error,error - ImageMagick Error Routines
ibiblio-historic-linux,distributions/redhat-5.1/i386/live/usr/doc/giflib-3.0/liberror.html,6041,.html,error,GIFLIB error codes
ibm-aix,tools/java/docs/cache/T1022706.html,33457,.html,error,IBM Java for AIX HowTo: &quot;Error: Port Library failed to initialize&quot; Error with the IBM Java
infania-os-history,trafodata.html,10186,.html,not found,404 Not Found
infania-tl1,manuals/adoclib/3270hcon/hconugd/filtrant.html,39287,.html,error,File Transfer Error Codes
infania-tl1,manuals/adoclib/aixins/aixinsgd/installp.html,9834,.html,error,Error Messages and Output from the installp Command
infania-tl1,manuals/adoclib/aixins/aixinsgd/systemer.html,50700,.html,error,Chapter 12. Acting on System and Error Messages
infania-tl1,manuals/adoclib/aixins/aixnimgd/errormes.html,213704,.html,error,Chapter 10. Error and Warning Messages
infania-tl1,manuals/adoclib/aixprggd/diagunsd/featured.html,3216,.html,error,Automatic Error Log Analysis (DIAGELA)
infania-tl1,manuals/adoclib/aixprggd/diagunsd/featuree.html,2676,.html,error,Error Log Analysis
infania-tl1,manuals/adoclib/aixprggd/genprogc/errornot.html,16201,.html,error,Chapter 4. Error Notification
infania-tl1,manuals/adoclib/aixprggd/kernextc/errorlog.html,33558,.html,error,Error Logging
infania-tl1,manuals/adoclib/aixprggd/kernextc/errormsg.html,5613,.html,error,Error Messages for the Kernel Debug Program
infania-tl1,manuals/adoclib/aixprggd/kernextc/ideerror.html,5830,.html,error,IDE Error Recovery
infania-tl1,manuals/adoclib/aixprggd/kernextc/scsierro.html,14926,.html,error,SCSI Error Recovery
infania-tl1,manuals/adoclib/aixprggd/progcomc/snmperro.html,4178,.html,error,SMUX Error Logging Subroutines Examples
infania-tl1,manuals/adoclib/aixprob/msgdnref/err0105.html,2245,.html,error,Error Messages for Component ID 0105
infania-tl1,manuals/adoclib/aixprob/msgdnref/err0402.html,10911,.html,error,Error Messages for Component ID 0402
infania-tl1,manuals/adoclib/aixprob/msgdnref/err0403.html,3848,.html,error,Error Messages for Component ID 0403
infania-tl1,manuals/adoclib/aixprob/msgdnref/err0460.html,1865,.html,error,Error Messages for Component ID 0460
infania-tl1,manuals/adoclib/aixprob/msgdnref/err0481.html,25991,.html,error,Error Messages for Component ID 0481
infania-tl1,manuals/adoclib/aixprob/msgdnref/err0503.html,3971,.html,error,Error Messages for Component ID 0503
infania-tl1,manuals/adoclib/aixprob/msgdnref/err0506.html,10045,.html,error,Error Messages for Component ID 0506
infania-tl1,manuals/adoclib/aixprob/msgdnref/err0509.html,17122,.html,error,Error Messages for Component ID 0509
infania-tl1,manuals/adoclib/aixprob/msgdnref/err0511.html,22737,.html,error,Error Messages for Component ID 0511
infania-tl1,manuals/adoclib/aixprob/msgdnref/err0512.html,4359,.html,error,Error Messages for Component ID 0512
infania-tl1,manuals/adoclib/aixprob/msgdnref/err0513.html,8124,.html,error,Error Messages for Component ID 0513
infania-tl1,manuals/adoclib/aixprob/msgdnref/err0514.html,19437,.html,error,Error Messages for Component ID 0514
infania-tl1,manuals/adoclib/aixprob/msgdnref/err0516.html,27358,.html,error,Error Messages for Component ID 0516
infania-tl1,manuals/adoclib/aixprob/msgdnref/err0519.html,2943,.html,error,Error Messages for Component ID 0519
infania-tl1,manuals/adoclib/aixprob/msgdnref/err0551.html,16181,.html,error,Error Messages for Component ID 0551
infania-tl1,manuals/adoclib/aixprob/msgdnref/err0575.html,2023,.html,error,Error Messages for Component ID 0575
infania-tl1,manuals/adoclib/aixprob/msgdnref/err0602.html,1515,.html,error,Error Message for Component ID 0602
infania-tl1,manuals/adoclib/aixprob/msgdnref/err0652.html,5984,.html,error,Error Messages for Component ID 0652
infania-tl1,manuals/adoclib/aixprob/msgdnref/err0653.html,16010,.html,error,Error Messages for Component ID 0653
infania-tl1,manuals/adoclib/aixprob/msgdnref/err0703.html,3277,.html,error,Error Messages for Component ID 0703
infania-tl1,manuals/adoclib/aixprob/msgdnref/err0706.html,4245,.html,error,Error Messages for Component ID 0706
infania-tl1,manuals/adoclib/aixprob/msgdnref/err0781.html,58504,.html,error,Error Messages for Component ID 0781
infania-tl1,manuals/adoclib/aixprob/msgdnref/err0782.html,12975,.html,error,Error Messages for Component ID 0782
infania-tl1,manuals/adoclib/aixprob/msgdnref/err0789.html,3078,.html,error,Error Messages for Component ID 0789
infania-tl1,manuals/adoclib/aixprob/msgdnref/err0791.html,3021,.html,error,Error Messages for Component ID 0791
infania-tl1,manuals/adoclib/aixprob/msgdnref/err0803.html,21132,.html,error,Error Messages for Component ID 0803
infania-tl1,manuals/adoclib/aixprob/msgdnref/err0821.html,10410,.html,error,Error Messages for Component ID 0821
infania-tl1,manuals/adoclib/aixprob/msgdnref/err0822.html,4660,.html,error,Error Messages for Component ID 0822
infania-tl1,manuals/adoclib/aixprob/msgdnref/err1254.html,2186,.html,error,Error Message for Component ID 1254
infania-tl1,manuals/adoclib/aixprob/msgdnref/err1356.html,3825,.html,error,Error Messages for Component ID 1356
infania-tl1,manuals/adoclib/aixprob/msgdnref/err1362.html,1702,.html,error,Error Message for Component ID 1362
infania-tl1,manuals/adoclib/aixprob/msgdnref/err1390.html,1939,.html,error,Error Messages for Component ID 1390
infania-tl1,manuals/adoclib/aixprob/msgdnref/err1800.html,11615,.html,error,Error Messages for Component ID 1800
infania-tl1,manuals/adoclib/aixprob/msgdnref/err1820.html,4472,.html,error,Error Messages for Component ID 1820
infania-tl1,manuals/adoclib/aixprob/msgdnref/err1831.html,1965,.html,error,Error Messages for Component ID 1831
infania-tl1,manuals/adoclib/aixprob/msgdnref/err3001.html,2079,.html,error,Error Message for Component ID 3001
infania-tl1,manuals/adoclib/aixprob/msgdnref/err3004.html,36282,.html,error,Error Messages for Component ID 3004
infania-tl1,manuals/adoclib/aixprob/msgdnref/errmessa.html,7614,.html,error,Appendix A. Error Message Acronyms
infania-tl1,manuals/adoclib/aixprob/msgdnref/errmessi.html,9605,.html,error,Appendix B. Error Message Index
infania-tl1,manuals/adoclib/aixprob/msgdnref/examcmds.html,4730,.html,error,Examining Commands for Possible Error Message Solutions
infania-tl1,manuals/adoclib/aixprob/msgdnref/specprgs.html,2522,.html,error,Error Messages for Specific Programs
infania-tl1,manuals/adoclib/aixprob/prbslvgd/ateerrid.html,4774,.html,error,ATE Error Identifiers for the Error Log
infania-tl1,manuals/adoclib/aixprob/prbslvgd/badisker.html,4470,.html,error,BADISK Error Identifiers for the Error Log
infania-tl1,manuals/adoclib/aixprob/prbslvgd/c327erri.html,4561,.html,error,C327 Error Identifiers for the Error Log
infania-tl1,manuals/adoclib/aixprob/prbslvgd/cdromerr.html,9148,.html,error,"CD-ROM, DISK, and R/W OPTICAL Error Identifiers for the Error Log"
infania-tl1,manuals/adoclib/aixprob/prbslvgd/chrperri.html,6317,.html,error,CHRP Error Identifiers for the Error Log
infania-tl1,manuals/adoclib/aixprob/prbslvgd/comerrid.html,14922,.html,error,COM Error Identifiers for the Error Log
infania-tl1,manuals/adoclib/aixprob/prbslvgd/cxmaerri.html,6112,.html,error,CXMA (128-port) Error Identifiers for the Error Log
infania-tl1,manuals/adoclib/aixprob/prbslvgd/disketer.html,4467,.html,error,DISKETTE Error Identifiers for the Error Log
infania-tl1,manuals/adoclib/aixprob/prbslvgd/enterrid.html,5754,.html,error,ENT Error Identifiers for the Error Log
infania-tl1,manuals/adoclib/aixprob/prbslvgd/epowerri.html,3282,.html,error,EPOW Error Identifiers for the Error Log
infania-tl1,manuals/adoclib/aixprob/prbslvgd/errids4e.html,5276,.html,error,Appendix C. Error Identifiers for the Error Log
infania-tl1,manuals/adoclib/aixprob/prbslvgd/errlogal.html,3395,.html,error,Error Logging and Alerts
infania-tl1,manuals/adoclib/aixprob/prbslvgd/errlogan.html,6875,.html,error,Periodic Diagnostics and Automatic Error Log Analysis
infania-tl1,manuals/adoclib/aixprob/prbslvgd/errlogco.html,12432,.html,error,Error Logging Controls
infania-tl1,manuals/adoclib/aixprob/prbslvgd/errloger.html,2343,.html,error,ERRLOG Error Identifiers for the Error Log
infania-tl1,manuals/adoclib/aixprob/prbslvgd/errlogfa.html,3360,.html,error,Chapter 10. Error Logging Facility
infania-tl1,manuals/adoclib/aixprob/prbslvgd/errlogts.html,32646,.html,error,Error Logging Tasks
infania-tl1,manuals/adoclib/aixprob/prbslvgd/euerrids.html,5084,.html,error,EU Error Identifiers for the Error Log
infania-tl1,manuals/adoclib/aixprob/prbslvgd/grapherr.html,66572,.html,error,Graphics Subsystem Error Identifiers for the Error Log
infania-tl1,manuals/adoclib/aixprob/prbslvgd/hconerri.html,7999,.html,error,HCON Error Identifiers for the Error Log
infania-tl1,manuals/adoclib/aixprob/prbslvgd/ideerrid.html,3894,.html,error,IDE Error Identifiers for the Error Log
infania-tl1,manuals/adoclib/aixprob/prbslvgd/intether.html,7921,.html,error,Integrated Ethernet Error Identifiers for the Error Log
infania-tl1,manuals/adoclib/aixprob/prbslvgd/lionerri.html,4416,.html,error,LION Error Identifiers for the Error Log
infania-tl1,manuals/adoclib/aixprob/prbslvgd/logoverv.html,6086,.html,error,Error Logging Overview
infania-tl1,manuals/adoclib/aixprob/prbslvgd/lvmerrid.html,14757,.html,error,LVM Error Identifiers for the Error Log
infania-tl1,manuals/adoclib/aixprob/prbslvgd/machchke.html,3066,.html,error,MACHINE CHECK Error Identifiers for the Error Log
infania-tl1,manuals/adoclib/aixprob/prbslvgd/manerrlo.html,13932,.html,error,Managing Error Logging
infania-tl1,manuals/adoclib/aixprob/prbslvgd/memerrid.html,3846,.html,error,MEM Error Identifiers for the Error Log
infania-tl1,manuals/adoclib/aixprob/prbslvgd/messacro.html,7860,.html,error,Appendix A. Error Message Acronyms
infania-tl1,manuals/adoclib/aixprob/prbslvgd/miscerri.html,13490,.html,error,Miscellaneous Error Identifiers for the Error Log
infania-tl1,manuals/adoclib/aixprob/prbslvgd/mpqperri.html,11663,.html,error,MPQP Error Identifiers for the Error Log
infania-tl1,manuals/adoclib/aixprob/prbslvgd/mslaerri.html,5044,.html,error,MSLA Error Identifiers for the Error Log
infania-tl1,manuals/adoclib/aixprob/prbslvgd/netbiose.html,14965,.html,error,NETBIOS Error Identifiers for the Error Log
infania-tl1,manuals/adoclib/aixprob/prbslvgd/pslaerri.html,4425,.html,error,PSLA Error Identifiers for the Error Log
infania-tl1,manuals/adoclib/aixprob/prbslvgd/reccerri.html,3776,.html,error,RECOV ECC Error Identifiers for the Error Log
infania-tl1,manuals/adoclib/aixprob/prbslvgd/rserrids.html,4525,.html,error,RS Error Identifiers for the Error Log
infania-tl1,manuals/adoclib/aixprob/prbslvgd/scsierri.html,8167,.html,error,SCSI Error Identifiers for the Error Log
infania-tl1,manuals/adoclib/aixprob/prbslvgd/sderrids.html,5581,.html,error,SD Error Identifiers for the Error Log
infania-tl1,manuals/adoclib/aixprob/prbslvgd/slaerrid.html,6772,.html,error,SLA Error Identifiers for the Error Log
infania-tl1,manuals/adoclib/aixprob/prbslvgd/snaerrid.html,8339,.html,error,SNA Error Identifiers for the Error Log
infania-tl1,manuals/adoclib/aixprob/prbslvgd/sys370er.html,4875,.html,error,System/370 Parallel Adapter Error Identifiers for the Error Log
infania-tl1,manuals/adoclib/aixprob/prbslvgd/tapeerri.html,6137,.html,error,TAPE Error Identifiers for the Error Log
infania-tl1,manuals/adoclib/aixprob/prbslvgd/tmscsier.html,4460,.html,error,TMSCSI Error Identifiers for the Error Log
infania-tl1,manuals/adoclib/aixprob/prbslvgd/tokerrid.html,13425,.html,error,TOK Error Identifiers for the Error Log
infania-tl1,manuals/adoclib/aixprob/prbslvgd/ttyerrid.html,4214,.html,error,TTY Error Identifiers for the Error Log
infania-tl1,manuals/adoclib/aixprob/prbslvgd/vcaerrid.html,6392,.html,error,VCA Error Identifiers for the Error Log
infania-tl1,manuals/adoclib/aixprob/prbslvgd/x25errid.html,19578,.html,error,X25 Error Identifiers for the Error Log
infania-tl1,manuals/adoclib/aixuser/aixqbeg/responde.html,2369,.html,error,Responding to Error Messages
infania-tl1,manuals/adoclib/aixuser/aixqbeg/sysprobe.html,2381,.html,error,Chapter 8. System Problems and Error Messages
infania-tl1,manuals/adoclib/aixuser/usrosdev/stdinput.html,32443,.html,error,"Standard Input, Standard Output, and Standard Error"
infania-tl1,manuals/adoclib/fibr1063/1063gdrf/errorlog.html,36885,.html,error,Using Error Log and Trace Facilities in Sequence
infania-tl1,manuals/adoclib/files/aixfiles/error.html,5110,.html,error,Error Logging Special Files
infania-tl1,manuals/adoclib/libs/basetrf1/appendix.html,3838,.html,error,Appendix A. Base Operating System Error Codes for Services That Require Path-Name Resolution
infania-tl1,manuals/adoclib/libs/basetrf1/appendiy.html,9457,.html,error,Appendix B. ODM Error Codes
infania-tl1,manuals/adoclib/libs/basetrf2/appendix.html,4039,.html,error,Appendix A. Base Operating System Error Codes for Services That Require Path-Name Resolution
infania-tl1,manuals/adoclib/libs/basetrf2/appendiy.html,9706,.html,error,Appendix B. ODM Error Codes
infania-tl1,manuals/adoclib/libs/ktechrf2/error.html,7795,.html,error,Error Conditions for Serial DASD Subroutines
infania-tl1,qna/faxes/html/anz/anz109.html,1933,.html,error,inutoc Error after Fixes Manually Copied to Hard Disk
infania-tl1,qna/faxes/html/anz/anz110.html,1328,.html,error,lppchk Error after Migration from AIX 4.1.5 to 4.2 -- Missing Requisite Software
infania-tl1,qna/faxes/html/anz/anz12.html,2854,.html,error,"""Tape Not in Backup Format"" Error"
infania-tl1,qna/faxes/html/anz/anz134.html,1328,.html,error,"Error ""0511-173"" from tar When Backing Up Database Files"
infania-tl1,qna/faxes/html/anz/anz137.html,1072,.html,not found,restoresymtable Is Not Found When Trying to Restore backbyinode
infania-tl1,qna/faxes/html/anz/anz149.html,1446,.html,error,"Error ""0512-044 tctl fsf failed"""
infania-tl1,qna/faxes/html/anz/anz153.html,1203,.html,error,Receiving a chcons Error When Running a mksysb Clone
infania-tl1,qna/faxes/html/anz/anz156.html,1223,.html,error,Bus Error Coredump When Creating a mksysb at V4.2.0
infania-tl1,qna/faxes/html/anz/anz159.html,2021,.html,error,"Error ""could not populate devices directory"" During a mksysb Clone"
infania-tl1,qna/faxes/html/anz/anz160.html,2511,.html,error,"Error ""0511-445 Internal Packing error"" When Creating a mksysb tape"
infania-tl1,qna/faxes/html/anz/anz161.html,1745,.html,error,"Error ""0518-507 odmget error"" When Running mksysb from cron"
infania-tl1,qna/faxes/html/anz/anz162.html,3528,.html,error,Information on Tape Errors in the Error Report
infania-tl1,qna/faxes/html/anz/anz167.html,959,.html,error,"""rootvg is locked"" Error When Running a mksysb"
infania-tl1,qna/faxes/html/anz/anz169.html,1393,.html,error,"Error ""system received a parameter that is not valid"""
infania-tl1,qna/faxes/html/anz/anz175.html,2033,.html,error,"Error ""0516-024 /usr/sbin/lqueryvg unable to open physical volume hdisk"""
infania-tl1,qna/faxes/html/anz/anz21.html,783,.html,error,"""tape not in backup format"" Error during Install Using SMIT"
infania-tl1,qna/faxes/html/anz/anz30.html,1394,.html,error,"Error ""888-102-700-0c8"" When Running a NIM Spot Copy to a Model 320"
infania-tl1,qna/faxes/html/anz/anz31.html,3798,.html,error,"Error ""0505-102 alt_disk_install: mkvg has returned an error"""
infania-tl1,qna/faxes/html/anz/anz32.html,3003,.html,error,"Error ""Invalid or no boot device specified"" from mksysb or mkszfile"
infania-tl1,qna/faxes/html/anz/anz33.html,2068,.html,error,Error When Writing to a 20GB 8mm Tape Drive
infania-tl1,qna/faxes/html/anz/anz34.html,2142,.html,error,"Error ""/usr/lpp/bosinst/bi_main[5] /var/adm/ras/bi.log cannot create"""
infania-tl1,qna/faxes/html/anz/anz47.html,1340,.html,error,Failed Installation of Latest pssp Fixes -- Error 0503-247
infania-tl1,qna/faxes/html/anz/anz49.html,1024,.html,error,"Error ""0516-062"" When Restoring a mksysb"
infania-tl1,qna/faxes/html/anz/anz60.html,1072,.html,error,NIM Error 0042-207 -- Unable to Allocate Resource
infania-tl1,qna/faxes/html/anz/anz63.html,864,.html,not found,NIM Push Install Error -- c_nimpush not found
infania-tl1,qna/faxes/html/anz/anz70.html,923,.html,error,Removing lpp_source -- Error 0042-038
infania-tl1,qna/faxes/html/anz/anz79.html,1010,.html,not found,"Error ""restbyname not found"" after Migration from AIX 3.2.5 to 4.3.2 Using Tape"
infania-tl1,qna/faxes/html/anz/anz82.html,1313,.html,error,Installp Lexical Error 0503-216 at AIX Version 4
infania-tl1,qna/faxes/html/anz/anz9.html,5416,.html,error,"""Lexical Error"" Message from installp"
infania-tl1,qna/faxes/html/anz/anz92.html,892,.html,error,CD-ROM Error 0514-062: specified device is busy
infania-tl1,qna/faxes/html/anz/anz94.html,1625,.html,error,Error 0042-151 Occurs during Creation of mksysb Resource
infania-tl1,qna/faxes/html/anz/anz95.html,1133,.html,error,Error 0301-155 -- bosboot:mkfs failed for /tmp/Bootram.fs
infania-tl1,qna/faxes/html/anz/anz96.html,1103,.html,error,Error 3001-008 -- /dev/ipldevice and /dev/rhdisk0
infania-tl1,qna/faxes/html/anz/anz97.html,1339,.html,error,Error 3001-008 during an Installation -- /dev/fd0h Error
infania-tl1,qna/faxes/html/anz/anz98.html,1328,.html,error,Error Installing bos.info.en_US -- Restore Error 0511-126
infania-tl1,qna/faxes/html/anz/anz99.html,969,.html,error,Error Installing U447719 -- Too Many Levels of Symbolic Links
infania-tl1,qna/faxes/html/cmd/cmd32.html,2331,.html,error,"Unable to Add Users, Error Message 3004-687"
infania-tl1,qna/faxes/html/gph/gph2.html,1143,.html,error,CFGLFT Error 1122 in errpt
infania-tl1,qna/faxes/html/gph/gph29.html,1182,.html,error,Motif/SMIT Translation Table Syntax Error
infania-tl1,qna/faxes/html/gph/gph37.html,2274,.html,error,ds_form: Error EhwSearch 32 After Migration to 4.3.3
infania-tl1,qna/faxes/html/gph/gph44.html,1541,.html,error,Receiving Error 13 While Running InfoExplorer
infania-tl1,qna/faxes/html/gph/gph45.html,758,.html,error,Receiving Error 28 When Starting InfoExplorer
infania-tl1,qna/faxes/html/gph/gph51.html,1294,.html,error,ds_rslt Ehw_Open_Index 63 Error
infania-tl1,qna/faxes/html/gph/gph53.html,1829,.html,error,Error 888-102-300-0c0 When Graphics Adapter is in the Machine
infania-tl1,qna/faxes/html/gph/gph74.html,1242,.html,not found,"Documentation Search Service Error - ""Host not Found"""
infania-tl1,qna/faxes/html/gph/gph76.html,1472,.html,error,"""Error 2020"" When Running imnss -start imnhelp"
infania-tl1,qna/faxes/html/gph/gph79.html,1246,.html,error,"InfoExplorer ""unable to connect to socket: 3"" Error Message"
infania-tl1,qna/faxes/html/krn/krn11.html,4444,.html,error,Understanding Console Error Report Entries
infania-tl1,qna/faxes/html/krn/krn17.html,2629,.html,error,"Recovery from ""Volume Group Locked"" Error Message"
infania-tl1,qna/faxes/html/sys/sys10.html,3032,.html,forbidden,"How to Resolve the ""mkinsttape_sb: permission denied"" error on Sysback Versions 3 and 4"
infania-tl1,qna/faxes/html/sys/sys23.html,4293,.html,error,Workaround for error 0511-163 when using tar as backend for Sysback/6000 V4
infania-tl1,qna/faxes/html/zap/zap69.html,19829,.html,error,Frequent Print Error Messages
infania-tl1,qna/faxes/html/zap/zap76.html,1517,.html,error,TTY HOG Error
infania-tl1,qna/wwqa/html/IGE/rta71047.html,4119,.html,error,Error notify Object Class and Error ID
infania-tl1,qna/wwqa/html/NWAYS/rta60003.html,11456,.html,error,5697B0600 Error messages from IFOR license server on Nways install
infania-tl1,qna/wwqa/html/XPSF/rta07534.html,6608,.html,error,"PSF/AIX: error 0423-107, 0420-052 rc=9 when printing to an AIX printer"
infania-tl1,qna/wwqa/html/XPSF/rta53081.html,5348,.html,error,PSF for AIX: Where does it send error messages?
infania-tl1,qna/wwqa/html/XPSF/rta90442.html,10214,.html,error,PSF for AIX Version 2: Need help with error 0420-033
infania-tl2,feedback.html,1561,.html,not found,404 Not Found
infania-tl2,techlib/internet/sedemo/techlib/fixinfo/index.html,1561,.html,not found,404 Not Found
infania-tl2,techlib/internet/sedemo/techlib/images/fixinfob.html,1561,.html,not found,404 Not Found
infania-tl2,techlib/internet/sedemo/techlib/images/inetb.html,1561,.html,not found,404 Not Found
infania-tl2,techlib/internet/sedemo/techlib/images/legalb.html,1561,.html,not found,404 Not Found
infania-tl2,techlib/internet/sedemo/techlib/images/manualsb.html,1561,.html,not found,404 Not Found
infania-tl2,techlib/internet/sedemo/techlib/images/pix_blue.html,1561,.html,not found,404 Not Found
infania-tl2,techlib/internet/sedemo/techlib/images/pix_grn.html,1561,.html,not found,404 Not Found
infania-tl2,techlib/internet/sedemo/techlib/images/pix_tran.html,1561,.html,not found,404 Not Found
infania-tl2,techlib/internet/sedemo/techlib/images/qnab.html,1561,.html,not found,404 Not Found
infania-tl2,techlib/internet/sedemo/techlib/images/searchb.html,1561,.html,not found,404 Not Found
infania-tl2,techlib/internet/sedemo/techlib/legal/index.html,1561,.html,not found,404 Not Found
infania-tl2,techlib/manuals/adoclib/3270hcon/hconugd/filtrant.html,39249,.html,error,File Transfer Error Codes
infania-tl2,techlib/manuals/adoclib/aixgen/wbinfnav/techlib/manuals/adoclib/cmds/aixcmds3/mklost+found.html,1561,.html,not found,404 Not Found
infania-tl2,techlib/manuals/adoclib/aixins/aixinsgd/installp.html,9796,.html,error,Error Messages and Output from the installp Command
infania-tl2,techlib/manuals/adoclib/aixins/aixinsgd/systemer.html,50662,.html,error,Chapter 12. Acting on System and Error Messages
infania-tl2,techlib/manuals/adoclib/aixins/aixnimgd/errormes.html,213666,.html,error,Chapter 10. Error and Warning Messages
infania-tl2,techlib/manuals/adoclib/aixins/inslppkg/techlib/manuals/adoclib/aixins/inslppkg/CICSSysMgrEnabBase_PI.html,1561,.html,not found,404 Not Found
infania-tl2,techlib/manuals/adoclib/aixins/inslppkg/techlib/manuals/adoclib/aixins/inslppkg/CICSSysMgrWrkEnab_PI.html,1561,.html,not found,404 Not Found
infania-tl2,techlib/manuals/adoclib/aixins/inslppkg/techlib/manuals/adoclib/aixins/inslppkg/CICSSysMgrWrkldApp_PI.html,1561,.html,not found,404 Not Found
infania-tl2,techlib/manuals/adoclib/aixins/inslppkg/techlib/manuals/adoclib/aixins/inslppkg/CICSSysMgrWrkldClient_PI.html,1561,.html,not found,404 Not Found
infania-tl2,techlib/manuals/adoclib/aixprggd/diagunsd/featured.html,3178,.html,error,Automatic Error Log Analysis (DIAGELA)
infania-tl2,techlib/manuals/adoclib/aixprggd/diagunsd/featuree.html,2638,.html,error,Error Log Analysis
infania-tl2,techlib/manuals/adoclib/aixprggd/genprogc/errornot.html,16163,.html,error,Chapter 4. Error Notification
infania-tl2,techlib/manuals/adoclib/aixprggd/genprogc/techlib/manuals/adoclib/aixprggd/genprogc/indexes configuration file entry.html,1561,.html,not found,404 Not Found
infania-tl2,techlib/manuals/adoclib/aixprggd/gl32prgd/techlib/manuals/adoclib/aixprggd/gl32prgd/SGIfiletrans.html,1561,.html,not found,404 Not Found
infania-tl2,techlib/manuals/adoclib/aixprggd/gl32prgd/techlib/manuals/adoclib/aixprggd/gl32prgd/SGIperformance.html,1561,.html,not found,404 Not Found
infania-tl2,techlib/manuals/adoclib/aixprggd/gl32prgd/techlib/manuals/adoclib/aixprggd/gl32prgd/cntrltransfrms.html,1561,.html,not found,404 Not Found
infania-tl2,techlib/manuals/adoclib/aixprggd/gl32prgd/techlib/manuals/adoclib/aixprggd/gl32prgd/coordtransfrms.html,1561,.html,not found,404 Not Found
infania-tl2,techlib/manuals/adoclib/aixprggd/gl32prgd/techlib/manuals/adoclib/aixprggd/gl32prgd/exhwindcalls.html,1561,.html,not found,404 Not Found
infania-tl2,techlib/manuals/adoclib/aixprggd/gl32prgd/techlib/manuals/adoclib/aixprggd/gl32prgd/listofcoords.html,1561,.html,not found,404 Not Found
infania-tl2,techlib/manuals/adoclib/aixprggd/gl32prgd/techlib/manuals/adoclib/aixprggd/gl32prgd/mathdetails.html,1561,.html,not found,404 Not Found
infania-tl2,techlib/manuals/adoclib/aixprggd/kernextc/errorlog.html,33520,.html,error,Error Logging
infania-tl2,techlib/manuals/adoclib/aixprggd/kernextc/errormsg.html,5575,.html,error,Error Messages for the Kernel Debug Program
infania-tl2,techlib/manuals/adoclib/aixprggd/kernextc/ideerror.html,5792,.html,error,IDE Error Recovery
infania-tl2,techlib/manuals/adoclib/aixprggd/kernextc/scsierro.html,14888,.html,error,SCSI Error Recovery
infania-tl2,techlib/manuals/adoclib/aixprggd/progcomc/snmperro.html,4140,.html,error,SMUX Error Logging Subroutines Examples
infania-tl2,techlib/manuals/adoclib/aixprob/msgdnref/err0105.html,2207,.html,error,Error Messages for Component ID 0105
infania-tl2,techlib/manuals/adoclib/aixprob/msgdnref/err0402.html,10873,.html,error,Error Messages for Component ID 0402
infania-tl2,techlib/manuals/adoclib/aixprob/msgdnref/err0403.html,3810,.html,error,Error Messages for Component ID 0403
infania-tl2,techlib/manuals/adoclib/aixprob/msgdnref/err0460.html,1827,.html,error,Error Messages for Component ID 0460
infania-tl2,techlib/manuals/adoclib/aixprob/msgdnref/err0481.html,25953,.html,error,Error Messages for Component ID 0481
infania-tl2,techlib/manuals/adoclib/aixprob/msgdnref/err0503.html,3933,.html,error,Error Messages for Component ID 0503
infania-tl2,techlib/manuals/adoclib/aixprob/msgdnref/err0506.html,10007,.html,error,Error Messages for Component ID 0506
infania-tl2,techlib/manuals/adoclib/aixprob/msgdnref/err0509.html,17084,.html,error,Error Messages for Component ID 0509
infania-tl2,techlib/manuals/adoclib/aixprob/msgdnref/err0511.html,22699,.html,error,Error Messages for Component ID 0511
infania-tl2,techlib/manuals/adoclib/aixprob/msgdnref/err0512.html,4321,.html,error,Error Messages for Component ID 0512
infania-tl2,techlib/manuals/adoclib/aixprob/msgdnref/err0513.html,8086,.html,error,Error Messages for Component ID 0513
infania-tl2,techlib/manuals/adoclib/aixprob/msgdnref/err0514.html,19399,.html,error,Error Messages for Component ID 0514
infania-tl2,techlib/manuals/adoclib/aixprob/msgdnref/err0516.html,27320,.html,error,Error Messages for Component ID 0516
infania-tl2,techlib/manuals/adoclib/aixprob/msgdnref/err0519.html,2905,.html,error,Error Messages for Component ID 0519
infania-tl2,techlib/manuals/adoclib/aixprob/msgdnref/err0551.html,16143,.html,error,Error Messages for Component ID 0551
infania-tl2,techlib/manuals/adoclib/aixprob/msgdnref/err0575.html,1985,.html,error,Error Messages for Component ID 0575
infania-tl2,techlib/manuals/adoclib/aixprob/msgdnref/err0602.html,1477,.html,error,Error Message for Component ID 0602
infania-tl2,techlib/manuals/adoclib/aixprob/msgdnref/err0652.html,5946,.html,error,Error Messages for Component ID 0652
infania-tl2,techlib/manuals/adoclib/aixprob/msgdnref/err0653.html,15972,.html,error,Error Messages for Component ID 0653
infania-tl2,techlib/manuals/adoclib/aixprob/msgdnref/err0703.html,3239,.html,error,Error Messages for Component ID 0703
infania-tl2,techlib/manuals/adoclib/aixprob/msgdnref/err0706.html,4207,.html,error,Error Messages for Component ID 0706
infania-tl2,techlib/manuals/adoclib/aixprob/msgdnref/err0781.html,58466,.html,error,Error Messages for Component ID 0781
infania-tl2,techlib/manuals/adoclib/aixprob/msgdnref/err0782.html,12937,.html,error,Error Messages for Component ID 0782
infania-tl2,techlib/manuals/adoclib/aixprob/msgdnref/err0789.html,3040,.html,error,Error Messages for Component ID 0789
infania-tl2,techlib/manuals/adoclib/aixprob/msgdnref/err0791.html,2983,.html,error,Error Messages for Component ID 0791
infania-tl2,techlib/manuals/adoclib/aixprob/msgdnref/err0803.html,21094,.html,error,Error Messages for Component ID 0803
infania-tl2,techlib/manuals/adoclib/aixprob/msgdnref/err0821.html,10372,.html,error,Error Messages for Component ID 0821
infania-tl2,techlib/manuals/adoclib/aixprob/msgdnref/err0822.html,4622,.html,error,Error Messages for Component ID 0822
infania-tl2,techlib/manuals/adoclib/aixprob/msgdnref/err1254.html,2148,.html,error,Error Message for Component ID 1254
infania-tl2,techlib/manuals/adoclib/aixprob/msgdnref/err1356.html,3787,.html,error,Error Messages for Component ID 1356
infania-tl2,techlib/manuals/adoclib/aixprob/msgdnref/err1362.html,1664,.html,error,Error Message for Component ID 1362
infania-tl2,techlib/manuals/adoclib/aixprob/msgdnref/err1390.html,1901,.html,error,Error Messages for Component ID 1390
infania-tl2,techlib/manuals/adoclib/aixprob/msgdnref/err1800.html,11577,.html,error,Error Messages for Component ID 1800
infania-tl2,techlib/manuals/adoclib/aixprob/msgdnref/err1820.html,4434,.html,error,Error Messages for Component ID 1820
infania-tl2,techlib/manuals/adoclib/aixprob/msgdnref/err1831.html,1927,.html,error,Error Messages for Component ID 1831
infania-tl2,techlib/manuals/adoclib/aixprob/msgdnref/err3001.html,2041,.html,error,Error Message for Component ID 3001
infania-tl2,techlib/manuals/adoclib/aixprob/msgdnref/err3004.html,36244,.html,error,Error Messages for Component ID 3004
infania-tl2,techlib/manuals/adoclib/aixprob/msgdnref/errmessa.html,7576,.html,error,Appendix A. Error Message Acronyms
infania-tl2,techlib/manuals/adoclib/aixprob/msgdnref/errmessi.html,9567,.html,error,Appendix B. Error Message Index
infania-tl2,techlib/manuals/adoclib/aixprob/msgdnref/examcmds.html,4692,.html,error,Examining Commands for Possible Error Message Solutions
infania-tl2,techlib/manuals/adoclib/aixprob/msgdnref/specprgs.html,2484,.html,error,Error Messages for Specific Programs
infania-tl2,techlib/manuals/adoclib/aixprob/prbslvgd/ateerrid.html,4736,.html,error,ATE Error Identifiers for the Error Log
infania-tl2,techlib/manuals/adoclib/aixprob/prbslvgd/badisker.html,4432,.html,error,BADISK Error Identifiers for the Error Log
infania-tl2,techlib/manuals/adoclib/aixprob/prbslvgd/c327erri.html,4523,.html,error,C327 Error Identifiers for the Error Log
infania-tl2,techlib/manuals/adoclib/aixprob/prbslvgd/cdromerr.html,9110,.html,error,"CD-ROM, DISK, and R/W OPTICAL Error Identifiers for the Error Log"
infania-tl2,techlib/manuals/adoclib/aixprob/prbslvgd/chrperri.html,6279,.html,error,CHRP Error Identifiers for the Error Log
infania-tl2,techlib/manuals/adoclib/aixprob/prbslvgd/comerrid.html,14884,.html,error,COM Error Identifiers for the Error Log
infania-tl2,techlib/manuals/adoclib/aixprob/prbslvgd/cxmaerri.html,6074,.html,error,CXMA (128-port) Error Identifiers for the Error Log
infania-tl2,techlib/manuals/adoclib/aixprob/prbslvgd/disketer.html,4429,.html,error,DISKETTE Error Identifiers for the Error Log
infania-tl2,techlib/manuals/adoclib/aixprob/prbslvgd/enterrid.html,5716,.html,error,ENT Error Identifiers for the Error Log
infania-tl2,techlib/manuals/adoclib/aixprob/prbslvgd/epowerri.html,3244,.html,error,EPOW Error Identifiers for the Error Log
infania-tl2,techlib/manuals/adoclib/aixprob/prbslvgd/errids4e.html,5238,.html,error,Appendix C. Error Identifiers for the Error Log
infania-tl2,techlib/manuals/adoclib/aixprob/prbslvgd/errlogal.html,3357,.html,error,Error Logging and Alerts
infania-tl2,techlib/manuals/adoclib/aixprob/prbslvgd/errlogan.html,6837,.html,error,Periodic Diagnostics and Automatic Error Log Analysis
infania-tl2,techlib/manuals/adoclib/aixprob/prbslvgd/errlogco.html,12394,.html,error,Error Logging Controls
infania-tl2,techlib/manuals/adoclib/aixprob/prbslvgd/errloger.html,2305,.html,error,ERRLOG Error Identifiers for the Error Log
infania-tl2,techlib/manuals/adoclib/aixprob/prbslvgd/errlogfa.html,3322,.html,error,Chapter 10. Error Logging Facility
infania-tl2,techlib/manuals/adoclib/aixprob/prbslvgd/errlogts.html,32608,.html,error,Error Logging Tasks
infania-tl2,techlib/manuals/adoclib/aixprob/prbslvgd/euerrids.html,5046,.html,error,EU Error Identifiers for the Error Log
infania-tl2,techlib/manuals/adoclib/aixprob/prbslvgd/grapherr.html,66534,.html,error,Graphics Subsystem Error Identifiers for the Error Log
infania-tl2,techlib/manuals/adoclib/aixprob/prbslvgd/hconerri.html,7961,.html,error,HCON Error Identifiers for the Error Log
infania-tl2,techlib/manuals/adoclib/aixprob/prbslvgd/ideerrid.html,3856,.html,error,IDE Error Identifiers for the Error Log
infania-tl2,techlib/manuals/adoclib/aixprob/prbslvgd/intether.html,7883,.html,error,Integrated Ethernet Error Identifiers for the Error Log
infania-tl2,techlib/manuals/adoclib/aixprob/prbslvgd/lionerri.html,4378,.html,error,LION Error Identifiers for the Error Log
infania-tl2,techlib/manuals/adoclib/aixprob/prbslvgd/logoverv.html,6048,.html,error,Error Logging Overview
infania-tl2,techlib/manuals/adoclib/aixprob/prbslvgd/lvmerrid.html,14719,.html,error,LVM Error Identifiers for the Error Log
infania-tl2,techlib/manuals/adoclib/aixprob/prbslvgd/machchke.html,3028,.html,error,MACHINE CHECK Error Identifiers for the Error Log
infania-tl2,techlib/manuals/adoclib/aixprob/prbslvgd/manerrlo.html,13894,.html,error,Managing Error Logging
infania-tl2,techlib/manuals/adoclib/aixprob/prbslvgd/memerrid.html,3808,.html,error,MEM Error Identifiers for the Error Log
infania-tl2,techlib/manuals/adoclib/aixprob/prbslvgd/messacro.html,7822,.html,error,Appendix A. Error Message Acronyms
infania-tl2,techlib/manuals/adoclib/aixprob/prbslvgd/miscerri.html,13452,.html,error,Miscellaneous Error Identifiers for the Error Log
infania-tl2,techlib/manuals/adoclib/aixprob/prbslvgd/mpqperri.html,11625,.html,error,MPQP Error Identifiers for the Error Log
infania-tl2,techlib/manuals/adoclib/aixprob/prbslvgd/mslaerri.html,5006,.html,error,MSLA Error Identifiers for the Error Log
infania-tl2,techlib/manuals/adoclib/aixprob/prbslvgd/netbiose.html,14927,.html,error,NETBIOS Error Identifiers for the Error Log
infania-tl2,techlib/manuals/adoclib/aixprob/prbslvgd/pslaerri.html,4387,.html,error,PSLA Error Identifiers for the Error Log
infania-tl2,techlib/manuals/adoclib/aixprob/prbslvgd/reccerri.html,3738,.html,error,RECOV ECC Error Identifiers for the Error Log
infania-tl2,techlib/manuals/adoclib/aixprob/prbslvgd/rserrids.html,4487,.html,error,RS Error Identifiers for the Error Log
infania-tl2,techlib/manuals/adoclib/aixprob/prbslvgd/scsierri.html,8129,.html,error,SCSI Error Identifiers for the Error Log
infania-tl2,techlib/manuals/adoclib/aixprob/prbslvgd/sderrids.html,5543,.html,error,SD Error Identifiers for the Error Log
infania-tl2,techlib/manuals/adoclib/aixprob/prbslvgd/slaerrid.html,6734,.html,error,SLA Error Identifiers for the Error Log
infania-tl2,techlib/manuals/adoclib/aixprob/prbslvgd/snaerrid.html,8301,.html,error,SNA Error Identifiers for the Error Log
infania-tl2,techlib/manuals/adoclib/aixprob/prbslvgd/sys370er.html,4837,.html,error,System/370 Parallel Adapter Error Identifiers for the Error Log
infania-tl2,techlib/manuals/adoclib/aixprob/prbslvgd/tapeerri.html,6099,.html,error,TAPE Error Identifiers for the Error Log
infania-tl2,techlib/manuals/adoclib/aixprob/prbslvgd/tmscsier.html,4422,.html,error,TMSCSI Error Identifiers for the Error Log
infania-tl2,techlib/manuals/adoclib/aixprob/prbslvgd/tokerrid.html,13387,.html,error,TOK Error Identifiers for the Error Log
infania-tl2,techlib/manuals/adoclib/aixprob/prbslvgd/ttyerrid.html,4176,.html,error,TTY Error Identifiers for the Error Log
infania-tl2,techlib/manuals/adoclib/aixprob/prbslvgd/vcaerrid.html,6354,.html,error,VCA Error Identifiers for the Error Log
infania-tl2,techlib/manuals/adoclib/aixprob/prbslvgd/x25errid.html,19540,.html,error,X25 Error Identifiers for the Error Log
infania-tl2,techlib/manuals/adoclib/aixuser/aixqbeg/responde.html,2331,.html,error,Responding to Error Messages
infania-tl2,techlib/manuals/adoclib/aixuser/aixqbeg/sysprobe.html,2343,.html,error,Chapter 8. System Problems and Error Messages
infania-tl2,techlib/manuals/adoclib/aixuser/usrosdev/stdinput.html,32405,.html,error,"Standard Input, Standard Output, and Standard Error"
infania-tl2,techlib/manuals/adoclib/aixuser/usrosdev/techlib/manuals/adoclib/aixuser/usrosdev/cmds_overview.html,1561,.html,not found,404 Not Found
infania-tl2,techlib/manuals/adoclib/cmds/aixcmds3/techlib/manuals/adoclib/cmds/aixcmds3/mklost+found.html,1561,.html,not found,404 Not Found
infania-tl2,techlib/manuals/adoclib/cmds/aixcmds6/techlib/manuals/adoclib/cmds/aixcmds3/mklost+found.html,1561,.html,not found,404 Not Found
infania-tl2,techlib/manuals/adoclib/fibr1063/1063gdrf/errorlog.html,36847,.html,error,Using Error Log and Trace Facilities in Sequence
infania-tl2,techlib/manuals/adoclib/files/aixfiles/error.html,5072,.html,error,Error Logging Special Files
infania-tl2,techlib/manuals/adoclib/graphigs/phigstrf/techlib/manuals/adoclib/graphigs/phigstrf/APIcharSetFac.html,1561,.html,not found,404 Not Found
infania-tl2,techlib/manuals/adoclib/graphigs/phigstrf/techlib/manuals/adoclib/graphigs/phigstrf/APIconnect.html,1561,.html,not found,404 Not Found
infania-tl2,techlib/manuals/adoclib/graphigs/phigstrf/techlib/manuals/adoclib/graphigs/phigstrf/GPQEDstrucElem.html,1561,.html,not found,404 Not Found
infania-tl2,techlib/manuals/adoclib/graphigs/phigstrf/techlib/manuals/adoclib/graphigs/phigstrf/WSdescTbls.html,1561,.html,not found,404 Not Found
infania-tl2,techlib/manuals/adoclib/graphigs/phigstrf/techlib/manuals/adoclib/graphigs/phigstrf/controlEnv.htm/index.html,1561,.html,not found,404 Not Found
infania-tl2,techlib/manuals/adoclib/graphigs/phigstrf/techlib/manuals/adoclib/graphigs/phigstrf/supportedWS.html,1561,.html,not found,404 Not Found
infania-tl2,techlib/manuals/adoclib/graphigs/phigstrf/techlib/manuals/adoclib/graphigs/phigstrf/supportedWS.htmsupportedWS.html,1561,.html,not found,404 Not Found
infania-tl2,techlib/manuals/adoclib/graphigs/phigsund/techlib/manuals/adoclib/graphigs/phigsund/figures/b-spline.html,1561,.html,not found,404 Not Found
infania-tl2,techlib/manuals/adoclib/libs/basetrf1/appendix.html,3800,.html,error,Appendix A. Base Operating System Error Codes for Services That Require Path-Name Resolution
infania-tl2,techlib/manuals/adoclib/libs/basetrf1/appendiy.html,9419,.html,error,Appendix B. ODM Error Codes
infania-tl2,techlib/manuals/adoclib/libs/basetrf2/appendix.html,4001,.html,error,Appendix A. Base Operating System Error Codes for Services That Require Path-Name Resolution
infania-tl2,techlib/manuals/adoclib/libs/basetrf2/appendiy.html,9668,.html,error,Appendix B. ODM Error Codes
infania-tl2,techlib/manuals/adoclib/libs/basetrf2/techlib/manuals/adoclib/aixprggd/genprogc/high_res_time_powerpc_realtime_clck.html,1561,.html,not found,404 Not Found
infania-tl2,techlib/manuals/adoclib/libs/commtrf2/techlib/manuals/adoclib/libs/commtrf2/smux_regis ter.html,1561,.html,not found,404 Not Found
infania-tl2,techlib/manuals/adoclib/libs/ktechrf2/error.html,7757,.html,error,Error Conditions for Serial DASD Subroutines
infania-tl2,techlib/manuals/adoclib/libs/phigsiso/INQUIRE_DISPLAY_UPDATE_STATE.htmInquire Display Update State/A PLIInquire Workstation Connection And Type/AP/P/LILIA HREF=.html,1561,.html,not found,404 Not Found
infania-tl2,techlib/manuals/adoclib/motif/motifpg/techlib/manuals/adoclib/motif/motifpg/figures/runner3.html,1561,.html,not found,404 Not Found
infania-tl2,techlib/qna/faxes/html/anz/anz10.html,4634,.html,error,"""Tape Not in Backup Format"" Error"
infania-tl2,techlib/qna/faxes/html/anz/anz6.html,5011,.html,error,"""Lexical Error"" Message from installp"
infania-tl2,techlib/qna/faxes/html/cmd/cmd48.html,2340,.html,error,"Unable to Add Users, Error Message 3004-687"
infania-tl2,techlib/qna/faxes/html/krn/krn13.html,4391,.html,error,Understanding Console Error Report Entries
infania-tl2,techlib/qna/faxes/html/krn/krn21.html,2692,.html,error,"Recovery from ""Volume Group Locked"" Error Message"
infania-tl2,techlib/qna/faxes/html/zap/zap26.html,17259,.html,error,Error Log Information and TTY Log Identifiers
infania-tl2,techlib/qna/faxes/html/zap/zap74.html,19883,.html,error,AIX Printer Tips: Frequent Error Messages
infania-tl2,techlib/qna/faxes/html/zap/zap8.html,1486,.html,error,TTY HOG Error
infania-tl2,techlib/qna/sfam/techlib/qna/sfam/html/Q/Q6072L.html,1561,.html,not found,404 Not Found
infania-tl2,techlib/qna/wwqa/html/IGE/rta64446.html,40508,.html,error,Malloc differences/error
infania-tl2,techlib/qna/wwqa/html/IGE/rta71047.html,4120,.html,error,Error notify Object Class and Error ID
infania-tl2,techlib/qna/wwqa/html/IGE/rta86353.html,5352,.html,error,Error log output from diagnostics/run ela ?????
infania-tl2,techlib/qna/wwqa/html/IHA/rta66564.html,10168,.html,error,Error demon dies abnormally
infania-tl2,techlib/qna/wwqa/html/IHA/rta72490.html,10208,.html,error,Problems with HACMP Error Notification Function
infania-tl2,techlib/qna/wwqa/html/INV/rta66578.html,5330,.html,error,Service Point Error message 0105-726
infania-tl2,techlib/qna/wwqa/html/NWAYS/rta50224.html,6565,.html,error,Nways manager. Error message calling for libtt.a
infania-tl2,techlib/qna/wwqa/html/NWAYS/rta51038.html,6585,.html,not found,Needs assistance with Nways campus install(java:not found)
infania-tl2,techlib/qna/wwqa/html/RISCCOM/rta27378.html,3762,.html,error,"NFS problem with AIX 3.1.5 ERROR MESSAGE 0403-015, ATTEMPTING TO RUN A FORTRAN PROGRAM ACROSS NFS ON AIX"
infania-tl2,techlib/qna/wwqa/html/RISCCOM/rta51848.html,11408,.html,forbidden,"Mount remote filesystem, permission denied"
infania-tl2,techlib/qna/wwqa/html/RISCDCE/rta38028.html,5090,.html,error,CICS/6000: RECEIVING ERROR MESSAGE WHILE TRYING TO BRING UP DCE SECURITY SERVER.
infania-tl2,techlib/qna/wwqa/html/RISCL/rta47128.html,8950,.html,error,"XLF VERSION 3, LIBPATH ERROR"
infania-tl2,techlib/qna/wwqa/html/RISCO/rta38149.html,3953,.html,error,ERROR MESSAGE WHILE TRYING TO USE RANLIB COMMAND...NEED HELP INTERPRETING IT...
infania-tl2,techlib/qna/wwqa/html/RISCOC/rta28872.html,6531,.html,error,GET ERROR MESSAGE WHEN I RUN MAN
infania-tl2,techlib/qna/wwqa/html/RISCPRT/rta25639.html,2920,.html,error,PRINTING ERROR WHEN PRINTING TO A 4033 ATTACHED
infania-tl2,techlib/qna/wwqa/html/RISCPRT/rta29290.html,2908,.html,error,ERROR INITIALIZING DEVICE INTO THE KERNEL
infania-tl2,techlib/qna/wwqa/html/RISCSNA/rta52257.html,2906,.html,error,WHAT IS SENSE CODE 08090001 - XID ERROR?
infania-tl2,techlib/qna/wwqa/html/RISCTCP/rta27354.html,4092,.html,error,"""CAN'T OPEN DISPLAY"" ERROR"
infania-tl2,techlib/qna/wwqa/html/XPSF/rta07534.html,6609,.html,error,"PSF/AIX: error 0423-107, 0420-052 rc=9 when printing to an AIX printer"
infania-tl2,techlib/qna/wwqa/html/XPSF/rta53081.html,5349,.html,error,PSF for AIX: Where does it send error messages?
infania-tl2,techlib/qna/wwqa/html/XPSF/rta93160.html,2923,.html,error,Has the error been fixed so that my customer can
infania-tl2,techlib/qna/wwqa/html/rs416652.html,12541,.html,not found,OVwAlertMsg() error:OVw APP NOT FOUND
iommu,datasheets/mirrors/datasheets.chipdb.org/Intel/MCS51/TECHNOTE/3233.HTM,15460,.htm,error,"Deciphering RL51's Error Message ""Improper Fixup"""
mcamafia,mcapage0/error_01.htm,7411,.htm,error,The Error Codes 100 - 159
mcamafia,mcapage0/error_02.htm,7110,.htm,error,The Error Codes 160 - 199
mcamafia,mcapage0/error_03.htm,5005,.htm,error,The Error Codes 200 - 299
mcamafia,mcapage0/error_04.htm,4746,.htm,error,The Error Codes 300 - 999
mcamafia,mcapage0/error_05.htm,4672,.htm,error,The Error Codes 1000 - 1499
mcamafia,mcapage0/error_06.htm,3801,.htm,error,The Error Codes 1500 - 2999
mcamafia,mcapage0/error_07.htm,5022,.htm,error,The Error Codes 3000 - 9999
mcamafia,mcapage0/error_08.htm,8583,.htm,error,The Error Codes 10000 - 11999
mcamafia,mcapage0/error_09.htm,5919,.htm,error,The Error Codes 12000 - 14999
mcamafia,mcapage0/error_10.htm,3595,.htm,error,The Error Codes 15000 - 19999
mcamafia,mcapage0/error_11.htm,12698,.htm,error,The Error Codes 20000 - 29999
mcamafia,mcapage0/ps2error.htm,5344,.htm,error,The Error Codes Page (Introduction)
mpoli-bbs,sekalaiset/1997-IP-SUBNETS/a/12/12_39.html,675,.html,not found,File Not Found
mpoli-bbs,sekalaiset/1997-IP-SUBNETS/a/indexc.html,675,.html,not found,File Not Found
next-68k-org,next/otto/html/pub/GNU/Manuals/autoconf-2.52/html_node/autoconf_94.html,2407,.html,forbidden,Autoconf - Forbidden Patterns
next-68k-org,next/otto/html/pub/GNU/Manuals/autoconf/html_node/autoconf_94.html,2407,.html,forbidden,Autoconf - Forbidden Patterns
next-68k-org,next/otto/html/pub/GNU/Manuals/autogen-5.2.14/html_node/autogen_37.html,3078,.html,error,AutoGen: SCM error
next-68k-org,next/otto/html/pub/GNU/Manuals/autogen-5.2.14/html_node/autogen_38.html,2616,.html,error,AutoGen: SCM error-source-line
next-68k-org,next/otto/html/pub/GNU/Manuals/autogen/html_node/autogen_37.html,3078,.html,error,AutoGen: SCM error
next-68k-org,next/otto/html/pub/GNU/Manuals/autogen/html_node/autogen_69.html,2630,.html,error,AutoGen: SCM error-source-line
next-68k-org,next/otto/html/pub/GNU/Manuals/bison-1.25/html_chapter/bison_9.es.html,6209,.html,error,Bison 1.25 - Error Recovery
next-68k-org,next/otto/html/pub/GNU/Manuals/bison-1.25/html_chapter/bison_9.html,6209,.html,error,Bison 1.25 - Error Recovery
next-68k-org,next/otto/html/pub/GNU/Manuals/bison-1.25/html_node/bison_21.es.html,1732,.html,error,Bison 1.25 - Rpcalc Error
next-68k-org,next/otto/html/pub/GNU/Manuals/bison-1.25/html_node/bison_21.html,1732,.html,error,Bison 1.25 - Rpcalc Error
next-68k-org,next/otto/html/pub/GNU/Manuals/bison-1.25/html_node/bison_25.es.html,2676,.html,error,Bison 1.25 - Simple Error Recovery
next-68k-org,next/otto/html/pub/GNU/Manuals/bison-1.25/html_node/bison_25.html,2676,.html,error,Bison 1.25 - Simple Error Recovery
next-68k-org,next/otto/html/pub/GNU/Manuals/bison-1.25/html_node/bison_63.es.html,3136,.html,error,Bison 1.25 - Error Reporting
next-68k-org,next/otto/html/pub/GNU/Manuals/bison-1.25/html_node/bison_63.html,3136,.html,error,Bison 1.25 - Error Reporting
next-68k-org,next/otto/html/pub/GNU/Manuals/bison-1.25/html_node/bison_78.es.html,6211,.html,error,Bison 1.25 - Error Recovery
next-68k-org,next/otto/html/pub/GNU/Manuals/bison-1.25/html_node/bison_78.html,6211,.html,error,Bison 1.25 - Error Recovery
next-68k-org,next/otto/html/pub/GNU/Manuals/bison/html_chapter/bison_9.es.html,6209,.html,error,Bison 1.25 - Error Recovery
next-68k-org,next/otto/html/pub/GNU/Manuals/bison/html_chapter/bison_9.html,6209,.html,error,Bison 1.25 - Error Recovery
next-68k-org,next/otto/html/pub/GNU/Manuals/bison/html_node/bison_21.es.html,1732,.html,error,Bison 1.25 - Rpcalc Error
next-68k-org,next/otto/html/pub/GNU/Manuals/bison/html_node/bison_21.html,1732,.html,error,Bison 1.25 - Rpcalc Error
next-68k-org,next/otto/html/pub/GNU/Manuals/bison/html_node/bison_25.es.html,2676,.html,error,Bison 1.25 - Simple Error Recovery
next-68k-org,next/otto/html/pub/GNU/Manuals/bison/html_node/bison_25.html,2676,.html,error,Bison 1.25 - Simple Error Recovery
next-68k-org,next/otto/html/pub/GNU/Manuals/bison/html_node/bison_63.es.html,3136,.html,error,Bison 1.25 - Error Reporting
next-68k-org,next/otto/html/pub/GNU/Manuals/bison/html_node/bison_63.html,3136,.html,error,Bison 1.25 - Error Reporting
next-68k-org,next/otto/html/pub/GNU/Manuals/bison/html_node/bison_78.es.html,6211,.html,error,Bison 1.25 - Error Recovery
next-68k-org,next/otto/html/pub/GNU/Manuals/bison/html_node/bison_78.html,6211,.html,error,Bison 1.25 - Error Recovery
next-68k-org,next/otto/html/pub/GNU/Manuals/elisp-manual-20-2.5/html_node/elisp_10.es.html,1085,.html,error,GNU Emacs Lisp Reference Manual - Error Messages
next-68k-org,next/otto/html/pub/GNU/Manuals/elisp-manual-20-2.5/html_node/elisp_10.html,1085,.html,error,GNU Emacs Lisp Reference Manual - Error Messages
next-68k-org,next/otto/html/pub/GNU/Manuals/elisp-manual-20-2.5/html_node/elisp_129.es.html,4600,.html,error,GNU Emacs Lisp Reference Manual - Error Symbols
next-68k-org,next/otto/html/pub/GNU/Manuals/elisp-manual-20-2.5/html_node/elisp_129.html,4600,.html,error,GNU Emacs Lisp Reference Manual - Error Symbols
next-68k-org,next/otto/html/pub/GNU/Manuals/elisp-manual-20-2.5/html_node/elisp_216.es.html,5166,.html,error,GNU Emacs Lisp Reference Manual - Error Debugging
next-68k-org,next/otto/html/pub/GNU/Manuals/elisp-manual-20-2.5/html_node/elisp_216.html,5166,.html,error,GNU Emacs Lisp Reference Manual - Error Debugging
next-68k-org,next/otto/html/pub/GNU/Manuals/elisp/html_node/elisp_10.es.html,1554,.html,error,GNU Emacs Lisp Reference Manual - Error Messages
next-68k-org,next/otto/html/pub/GNU/Manuals/elisp/html_node/elisp_10.html,1554,.html,error,GNU Emacs Lisp Reference Manual - Error Messages
next-68k-org,next/otto/html/pub/GNU/Manuals/elisp/html_node/elisp_129.es.html,5002,.html,error,GNU Emacs Lisp Reference Manual - Error Symbols
next-68k-org,next/otto/html/pub/GNU/Manuals/elisp/html_node/elisp_129.html,5002,.html,error,GNU Emacs Lisp Reference Manual - Error Symbols
next-68k-org,next/otto/html/pub/GNU/Manuals/elisp/html_node/elisp_216.es.html,5568,.html,error,GNU Emacs Lisp Reference Manual - Error Debugging
next-68k-org,next/otto/html/pub/GNU/Manuals/elisp/html_node/elisp_216.html,5568,.html,error,GNU Emacs Lisp Reference Manual - Error Debugging
next-68k-org,next/otto/html/pub/GNU/Manuals/emacs-lisp-intro/html_node/Digression-concerning-error.html,1569,.html,error,Digression concerning error
next-68k-org,otto/html/pub/GNU/Manuals/autoconf-2.52/html_node/autoconf_94.html,2407,.html,forbidden,Autoconf - Forbidden Patterns
next-68k-org,otto/html/pub/GNU/Manuals/autoconf/html_node/autoconf_94.html,2407,.html,forbidden,Autoconf - Forbidden Patterns
next-68k-org,otto/html/pub/GNU/Manuals/autogen-5.2.14/html_node/autogen_37.html,3078,.html,error,AutoGen: SCM error
next-68k-org,otto/html/pub/GNU/Manuals/autogen-5.2.14/html_node/autogen_38.html,2616,.html,error,AutoGen: SCM error-source-line
next-68k-org,otto/html/pub/GNU/Manuals/autogen/html_node/autogen_37.html,3078,.html,error,AutoGen: SCM error
next-68k-org,otto/html/pub/GNU/Manuals/autogen/html_node/autogen_69.html,2630,.html,error,AutoGen: SCM error-source-line
next-68k-org,otto/html/pub/GNU/Manuals/bison-1.25/html_chapter/bison_9.es.html,6209,.html,error,Bison 1.25 - Error Recovery
next-68k-org,otto/html/pub/GNU/Manuals/bison-1.25/html_chapter/bison_9.html,6209,.html,error,Bison 1.25 - Error Recovery
next-68k-org,otto/html/pub/GNU/Manuals/bison-1.25/html_node/bison_21.es.html,1732,.html,error,Bison 1.25 - Rpcalc Error
next-68k-org,otto/html/pub/GNU/Manuals/bison-1.25/html_node/bison_21.html,1732,.html,error,Bison 1.25 - Rpcalc Error
next-68k-org,otto/html/pub/GNU/Manuals/bison-1.25/html_node/bison_25.es.html,2676,.html,error,Bison 1.25 - Simple Error Recovery
next-68k-org,otto/html/pub/GNU/Manuals/bison-1.25/html_node/bison_25.html,2676,.html,error,Bison 1.25 - Simple Error Recovery
next-68k-org,otto/html/pub/GNU/Manuals/bison-1.25/html_node/bison_63.es.html,3136,.html,error,Bison 1.25 - Error Reporting
next-68k-org,otto/html/pub/GNU/Manuals/bison-1.25/html_node/bison_63.html,3136,.html,error,Bison 1.25 - Error Reporting
next-68k-org,otto/html/pub/GNU/Manuals/bison-1.25/html_node/bison_78.es.html,6211,.html,error,Bison 1.25 - Error Recovery
next-68k-org,otto/html/pub/GNU/Manuals/bison-1.25/html_node/bison_78.html,6211,.html,error,Bison 1.25 - Error Recovery
next-68k-org,otto/html/pub/GNU/Manuals/bison/html_chapter/bison_9.es.html,6209,.html,error,Bison 1.25 - Error Recovery
next-68k-org,otto/html/pub/GNU/Manuals/bison/html_chapter/bison_9.html,6209,.html,error,Bison 1.25 - Error Recovery
next-68k-org,otto/html/pub/GNU/Manuals/bison/html_node/bison_21.es.html,1732,.html,error,Bison 1.25 - Rpcalc Error
next-68k-org,otto/html/pub/GNU/Manuals/bison/html_node/bison_21.html,1732,.html,error,Bison 1.25 - Rpcalc Error
next-68k-org,otto/html/pub/GNU/Manuals/bison/html_node/bison_25.es.html,2676,.html,error,Bison 1.25 - Simple Error Recovery
next-68k-org,otto/html/pub/GNU/Manuals/bison/html_node/bison_25.html,2676,.html,error,Bison 1.25 - Simple Error Recovery
next-68k-org,otto/html/pub/GNU/Manuals/bison/html_node/bison_63.es.html,3136,.html,error,Bison 1.25 - Error Reporting
next-68k-org,otto/html/pub/GNU/Manuals/bison/html_node/bison_63.html,3136,.html,error,Bison 1.25 - Error Reporting
next-68k-org,otto/html/pub/GNU/Manuals/bison/html_node/bison_78.es.html,6211,.html,error,Bison 1.25 - Error Recovery
next-68k-org,otto/html/pub/GNU/Manuals/bison/html_node/bison_78.html,6211,.html,error,Bison 1.25 - Error Recovery
next-68k-org,otto/html/pub/GNU/Manuals/elisp-manual-20-2.5/html_node/elisp_10.es.html,1085,.html,error,GNU Emacs Lisp Reference Manual - Error Messages
next-68k-org,otto/html/pub/GNU/Manuals/elisp-manual-20-2.5/html_node/elisp_10.html,1085,.html,error,GNU Emacs Lisp Reference Manual - Error Messages
next-68k-org,otto/html/pub/GNU/Manuals/elisp-manual-20-2.5/html_node/elisp_129.es.html,4600,.html,error,GNU Emacs Lisp Reference Manual - Error Symbols
next-68k-org,otto/html/pub/GNU/Manuals/elisp-manual-20-2.5/html_node/elisp_129.html,4600,.html,error,GNU Emacs Lisp Reference Manual - Error Symbols
next-68k-org,otto/html/pub/GNU/Manuals/elisp-manual-20-2.5/html_node/elisp_216.es.html,5166,.html,error,GNU Emacs Lisp Reference Manual - Error Debugging
next-68k-org,otto/html/pub/GNU/Manuals/elisp-manual-20-2.5/html_node/elisp_216.html,5166,.html,error,GNU Emacs Lisp Reference Manual - Error Debugging
next-68k-org,otto/html/pub/GNU/Manuals/elisp/html_node/elisp_10.es.html,1519,.html,error,GNU Emacs Lisp Reference Manual - Error Messages
next-68k-org,otto/html/pub/GNU/Manuals/elisp/html_node/elisp_10.html,1519,.html,error,GNU Emacs Lisp Reference Manual - Error Messages
next-68k-org,otto/html/pub/GNU/Manuals/elisp/html_node/elisp_129.es.html,4972,.html,error,GNU Emacs Lisp Reference Manual - Error Symbols
next-68k-org,otto/html/pub/GNU/Manuals/elisp/html_node/elisp_129.html,4972,.html,error,GNU Emacs Lisp Reference Manual - Error Symbols
next-68k-org,otto/html/pub/GNU/Manuals/elisp/html_node/elisp_216.es.html,5538,.html,error,GNU Emacs Lisp Reference Manual - Error Debugging
next-68k-org,otto/html/pub/GNU/Manuals/elisp/html_node/elisp_216.html,5538,.html,error,GNU Emacs Lisp Reference Manual - Error Debugging
next-68k-org,otto/html/pub/GNU/Manuals/emacs-lisp-intro/html_node/Digression-concerning-error.html,1569,.html,error,Digression concerning error
obsolyte,apache/manual/custom-error.html,5629,.html,error,Custom error responses
obsolyte,apache/manual/misc/custom_errordocs.html,19575,.html,error,International Customized Server Error Messages
oldskool,drivers/IBM/microchannel/www.mcamafia.de/mcapage0/error_01.htm,7190,.htm,error,The Error Codes 100 - 159
oldskool,drivers/IBM/microchannel/www.mcamafia.de/mcapage0/error_02.htm,6906,.htm,error,The Error Codes 160 - 199
oldskool,drivers/IBM/microchannel/www.mcamafia.de/mcapage0/error_03.htm,4848,.htm,error,The Error Codes 200 - 299
oldskool,drivers/IBM/microchannel/www.mcamafia.de/mcapage0/error_04.htm,4580,.htm,error,The Error Codes 300 - 999
oldskool,drivers/IBM/microchannel/www.mcamafia.de/mcapage0/error_05.htm,4500,.htm,error,The Error Codes 1000 - 1499
oldskool,drivers/IBM/microchannel/www.mcamafia.de/mcapage0/error_06.htm,3668,.htm,error,The Error Codes 1500 - 2999
oldskool,drivers/IBM/microchannel/www.mcamafia.de/mcapage0/error_07.htm,4835,.htm,error,The Error Codes 3000 - 9999
oldskool,drivers/IBM/microchannel/www.mcamafia.de/mcapage0/error_08.htm,8300,.htm,error,The Error Codes 10000 - 11999
oldskool,drivers/IBM/microchannel/www.mcamafia.de/mcapage0/error_09.htm,5714,.htm,error,The Error Codes 12000 - 14999
oldskool,drivers/IBM/microchannel/www.mcamafia.de/mcapage0/error_10.htm,3454,.htm,error,The Error Codes 15000 - 19999
oldskool,drivers/IBM/microchannel/www.mcamafia.de/mcapage0/error_11.htm,12285,.htm,error,The Error Codes 20000 - 29999
oldskool,drivers/IBM/microchannel/www.mcamafia.de/mcapage0/ps2error.htm,5201,.htm,error,The Error Codes Page (Introduction)
oldskool,drivers/LIM_EMS/www.powernet.co.za/info/sw/EMM/Err.Htm,5946,.htm,error,Error Codes
oldskool,drivers/unsorted/HP/Deskjet 5850/5800/Temp/help/en/printer_not_found.htm,5083,.htm,not found,Printer Not Found
oldskool,drivers/unsorted/Xircom/pe3-10bt/Xircom_Pocket_Adapters_files/Xircom_Multiplexor_III_jpg.htm,318,.htm,not found,404 Not Found
penguinppc,bootloaders/yaboot/doc/yaboot-howto.shtml/ch8.de.shtml,6336,.shtml,error,Wie man mit Yaboot auf PowerPC bootet Kapitel 8 - �bliche Fehler
ps-2.kev009.com,AIXtip/err_notify.htm,4377,.htm,error,AIX Error Notification Facility
ps-2.kev009.com,aixpert/others/aixpert/feb94/aixpert_feb94_AIXwest.html,14942,.html,not found,Document not found message
ps-2.kev009.com,aixpert/others/aixpert/feb94/aixpert_feb94_config.html,14975,.html,not found,IBM PartnerWorld for Developers : Document not found message
ps-2.kev009.com,aixpert/others/aixpert/feb94/aixpert_feb94_editor.html,14978,.html,not found,IBM PartnerWorld for Developers : Document not found message
ps-2.kev009.com,aixpert/others/aixpert/feb94/aixpert_feb94_model250.html,14979,.html,not found,IBM PartnerWorld for Developers : Document not found message
ps-2.kev009.com,aixpert/others/aixpert/feb94/aixpert_feb94_parallel.html,14976,.html,not found,IBM PartnerWorld for Developers : Document not found message
ps-2.kev009.com,aixpert/others/aixpert/feb94/aixpert_feb94_perform.html,14978,.html,not found,IBM PartnerWorld for Developers : Document not found message
ps-2.kev009.com,aixpert/others/aixpert/feb94/aixpert_feb94_powerpc_al.html,14987,.html,not found,IBM PartnerWorld for Developers : Document not found message
ps-2.kev009.com,aixpert/others/aixpert/feb94/aixpert_feb94_ppc_601.html,14979,.html,not found,IBM PartnerWorld for Developers : Document not found message
ps-2.kev009.com,aixpert/others/aixpert/feb94/aixpert_feb94_ppc_arch.html,14935,.html,not found,Document not found message
ps-2.kev009.com,aixpert/others/aixpert/feb94/aixpert_feb94_qa.html,14967,.html,not found,IBM PartnerWorld for Developers : Document not found message
ps-2.kev009.com,aixpert/others/aixpert/feb94/aixpert_feb94_tcpip.html,14971,.html,not found,IBM PartnerWorld for Developers : Document not found message
ps-2.kev009.com,aixpert/others/aixpert/feb94/aixpert_feb94_xl_comp.html,14934,.html,not found,Document not found message
ps-2.kev009.com,eprmhtml/epr2a/3857.htm,12503,.htm,error,Numeric Error Codes
ps-2.kev009.com,eprmhtml/epr2a/3873.htm,2170,.htm,error,Error Log
ps-2.kev009.com,eprmhtml/epr2a/3915.htm,35622,.htm,error,Numeric Error Codes (9552)
ps-2.kev009.com,eprmhtml/epr2a/3922.htm,3453,.htm,error,System Error Log (9552)
ps-2.kev009.com,eprmhtml/epr2a/3935.htm,2464,.htm,error,173 and 11350 Error Combination (9552)
ps-2.kev009.com,eprmhtml/epr2a/3974.htm,15561,.htm,error,"Numeric Error Codes 701C, 701CS (2630)"
ps-2.kev009.com,eprmhtml/epr2a/3997.htm,2269,.htm,error,Printing and Displaying Error Logs
ps-2.kev009.com,eprmhtml/epr2a/4054.htm,19502,.htm,error,Numeric Error Codes
ps-2.kev009.com,eprmhtml/epr2a/4070.htm,2180,.htm,error,Error Log
ps-2.kev009.com,eprmhtml/epr2a/4158.htm,17463,.htm,error,Numeric Error Codes
ps-2.kev009.com,eprmhtml/epr2a/4176.htm,2171,.htm,error,Error Log
ps-2.kev009.com,eprmhtml/epr2a/4234.htm,17311,.htm,error,Numeric Error Codes
ps-2.kev009.com,eprmhtml/epr2a/4251.htm,2171,.htm,error,Error Log
ps-2.kev009.com,eprmhtml/epr2a/h3857.htm,294,.htm,error,Numeric Error Codes
ps-2.kev009.com,eprmhtml/epr2a/h3873.htm,284,.htm,error,Error Log
ps-2.kev009.com,eprmhtml/epr2a/h3915.htm,301,.htm,error,Numeric Error Codes (9552)
ps-2.kev009.com,eprmhtml/epr2a/h3922.htm,298,.htm,error,System Error Log (9552)
ps-2.kev009.com,eprmhtml/epr2a/h3935.htm,313,.htm,error,173 and 11350 Error Combination (9552)
ps-2.kev009.com,eprmhtml/epr2a/h3974.htm,313,.htm,error,"Numeric Error Codes 701C, 701CS (2630)"
ps-2.kev009.com,eprmhtml/epr2a/h3997.htm,309,.htm,error,Printing and Displaying Error Logs
ps-2.kev009.com,eprmhtml/epr2a/h4054.htm,294,.htm,error,Numeric Error Codes
ps-2.kev009.com,eprmhtml/epr2a/h4070.htm,284,.htm,error,Error Log
ps-2.kev009.com,eprmhtml/epr2a/h4158.htm,294,.htm,error,Numeric Error Codes
ps-2.kev009.com,eprmhtml/epr2a/h4176.htm,284,.htm,error,Error Log
ps-2.kev009.com,eprmhtml/epr2a/h4234.htm,294,.htm,error,Numeric Error Codes
ps-2.kev009.com,eprmhtml/epr2a/h4251.htm,284,.htm,error,Error Log
ps-2.kev009.com,eprmhtml/epr2b/4505.htm,10923,.htm,error,Numeric Error Codes (2523)
ps-2.kev009.com,eprmhtml/epr2b/4544.htm,12178,.htm,error,Numeric Error Codes (2524)
ps-2.kev009.com,eprmhtml/epr2b/4573.htm,2068,.htm,error,How to Use Error Messages (2625)
ps-2.kev009.com,eprmhtml/epr2b/4593.htm,15203,.htm,error,Error Messages (2625)
ps-2.kev009.com,eprmhtml/epr2b/4594.htm,10133,.htm,error,Miscellaneous Error Messages (2625)
ps-2.kev009.com,eprmhtml/epr2b/4610.htm,3161,.htm,error,Error Messages (2625)
ps-2.kev009.com,eprmhtml/epr2b/4680.htm,18652,.htm,error,Numeric Error Codes (2640)
ps-2.kev009.com,eprmhtml/epr2b/4681.htm,4147,.htm,error,Diagnostic Error Codes (2640)
ps-2.kev009.com,eprmhtml/epr2b/4698.htm,2191,.htm,error,Error Log (2640)
ps-2.kev009.com,eprmhtml/epr2b/4749.htm,2198,.htm,error,Error Log (3547)
ps-2.kev009.com,eprmhtml/epr2b/4758.htm,8942,.htm,error,Numeric Error Codes (3547)
ps-2.kev009.com,eprmhtml/epr2b/4759.htm,2400,.htm,error,Diagnostic Error Codes (3547)
ps-2.kev009.com,eprmhtml/epr2b/4796.htm,2547,.htm,error,Error Log (SelectaDock II - III)
ps-2.kev009.com,eprmhtml/epr2b/4802.htm,8367,.htm,error,Numeric Error Codes (SelectaDock II - III)
ps-2.kev009.com,eprmhtml/epr2b/4856.htm,21869,.htm,error,"Numeric Error Codes (2640-560 - 60x, 70x)"
ps-2.kev009.com,eprmhtml/epr2b/4859.htm,2191,.htm,error,"Displaying the Error Log (2640-560x - 60x, 70x)"
ps-2.kev009.com,eprmhtml/epr2b/h4505.htm,301,.htm,error,Numeric Error Codes (2523)
ps-2.kev009.com,eprmhtml/epr2b/h4544.htm,301,.htm,error,Numeric Error Codes (2524)
ps-2.kev009.com,eprmhtml/epr2b/h4573.htm,307,.htm,error,How to Use Error Messages (2625)
ps-2.kev009.com,eprmhtml/epr2b/h4593.htm,296,.htm,error,Error Messages (2625)
ps-2.kev009.com,eprmhtml/epr2b/h4594.htm,310,.htm,error,Miscellaneous Error Messages (2625)
ps-2.kev009.com,eprmhtml/epr2b/h4610.htm,296,.htm,error,Error Messages (2625)
ps-2.kev009.com,eprmhtml/epr2b/h4680.htm,301,.htm,error,Numeric Error Codes (2640)
ps-2.kev009.com,eprmhtml/epr2b/h4681.htm,304,.htm,error,Diagnostic Error Codes (2640)
ps-2.kev009.com,eprmhtml/epr2b/h4698.htm,291,.htm,error,Error Log (2640)
ps-2.kev009.com,eprmhtml/epr2b/h4749.htm,291,.htm,error,Error Log (3547)
ps-2.kev009.com,eprmhtml/epr2b/h4758.htm,301,.htm,error,Numeric Error Codes (3547)
ps-2.kev009.com,eprmhtml/epr2b/h4759.htm,304,.htm,error,Diagnostic Error Codes (3547)
ps-2.kev009.com,eprmhtml/epr2b/h4796.htm,307,.htm,error,Error Log (SelectaDock II - III)
ps-2.kev009.com,eprmhtml/epr2b/h4802.htm,317,.htm,error,Numeric Error Codes (SelectaDock II - III)
ps-2.kev009.com,eprmhtml/epr2b/h4856.htm,316,.htm,error,"Numeric Error Codes (2640-560 - 60x, 70x)"
ps-2.kev009.com,eprmhtml/epr2b/h4859.htm,322,.htm,error,"Displaying the Error Log (2640-560x - 60x, 70x)"
ps-2.kev009.com,eprmhtml/epr2c/5123.htm,2374,.htm,error,"How to Use Error Messages (2625 365X, XD - 2635-380/385)"
ps-2.kev009.com,eprmhtml/epr2c/5145.htm,23050,.htm,error,"Numeric Error Codes (2625 365X, XD - 2635 380-385)"
ps-2.kev009.com,eprmhtml/epr2c/5161.htm,2199,.htm,error,"Error Log (2625 365X, XD)"
ps-2.kev009.com,eprmhtml/epr2c/5162.htm,2450,.htm,error,"Diagnostic Error Codes (2625 365X, XD)"
ps-2.kev009.com,eprmhtml/epr2c/5246.htm,21614,.htm,error,"Numeric Error Codes (9546, 9547)"
ps-2.kev009.com,eprmhtml/epr2c/5267.htm,2202,.htm,error,"Error Log (9546, 9547)"
ps-2.kev009.com,eprmhtml/epr2c/5357.htm,2448,.htm,error,Diagnostic Error Codes (2635 380-385)
ps-2.kev009.com,eprmhtml/epr2c/5374.htm,2392,.htm,error,Error Log (2635-380/385)
ps-2.kev009.com,eprmhtml/epr2c/h5123.htm,333,.htm,error,"How to Use Error Messages (2625 365X, XD - 2635-380/385)"
ps-2.kev009.com,eprmhtml/epr2c/h5145.htm,327,.htm,error,"Numeric Error Codes (2625 365X, XD - 2635 380-385)"
ps-2.kev009.com,eprmhtml/epr2c/h5161.htm,300,.htm,error,"Error Log (2625 365X, XD)"
ps-2.kev009.com,eprmhtml/epr2c/h5162.htm,313,.htm,error,"Diagnostic Error Codes (2625 365X, XD)"
ps-2.kev009.com,eprmhtml/epr2c/h5246.htm,307,.htm,error,"Numeric Error Codes (9546, 9547)"
ps-2.kev009.com,eprmhtml/epr2c/h5267.htm,297,.htm,error,"Error Log (9546, 9547)"
ps-2.kev009.com,eprmhtml/epr2c/h5357.htm,312,.htm,error,Diagnostic Error Codes (2635 380-385)
ps-2.kev009.com,eprmhtml/epr2c/h5374.htm,299,.htm,error,Error Log (2635-380/385)
ps-2.kev009.com,eprmhtml/epr2d/5796.htm,2409,.htm,error,"How to Use Error Messages (2625 365X, XD - 2635-380/385 - 9548/49-770)"
ps-2.kev009.com,eprmhtml/epr2d/5824.htm,22944,.htm,error,Numeric Error Codes (765D-9546 765L-9547)
ps-2.kev009.com,eprmhtml/epr2d/5825.htm,2424,.htm,error,Diagnostic Error Codes (765D-9546 765L-9547)
ps-2.kev009.com,eprmhtml/epr2d/5848.htm,2266,.htm,error,Displaying the Error Log (765D-9546 765L-9547)
ps-2.kev009.com,eprmhtml/epr2d/5901.htm,1949,.htm,error,How to Use Error Messages (2600-310/310D/310E/310ED)
ps-2.kev009.com,eprmhtml/epr2d/5919.htm,19145,.htm,error,Numeric Error Codes / Messages (2600-310/310D/310E/310ED)
ps-2.kev009.com,eprmhtml/epr2d/5935.htm,3516,.htm,error,PQA Diagnostic Program Error Codes and Messages (2600-310/310D/310E/310ED)
ps-2.kev009.com,eprmhtml/epr2d/5997.htm,21932,.htm,error,Numeric Error Codes (TP-770 - 9548/49)
ps-2.kev009.com,eprmhtml/epr2d/5998.htm,2405,.htm,error,Diagnostic Error Codes (TP-770 - 9548/49)
ps-2.kev009.com,eprmhtml/epr2d/6018.htm,2204,.htm,error,Displaying the Error Log
ps-2.kev009.com,eprmhtml/epr2d/h5796.htm,345,.htm,error,"How to Use Error Messages (2625 365X, XD - 2635-380/385 - 9548/49-770)"
ps-2.kev009.com,eprmhtml/epr2d/h5824.htm,316,.htm,error,Numeric Error Codes (765D-9546 765L-9547)
ps-2.kev009.com,eprmhtml/epr2d/h5825.htm,319,.htm,error,Diagnostic Error Codes (765D-9546 765L-9547)
ps-2.kev009.com,eprmhtml/epr2d/h5848.htm,321,.htm,error,Displaying the Error Log (765D-9546 765L-9547)
ps-2.kev009.com,eprmhtml/epr2d/h5901.htm,327,.htm,error,How to Use Error Messages (2600-310/310D/310E/310ED)
ps-2.kev009.com,eprmhtml/epr2d/h5919.htm,332,.htm,error,Numeric Error Codes / Messages (2600-310/310D/310E/310ED)
ps-2.kev009.com,eprmhtml/epr2d/h5935.htm,349,.htm,error,PQA Diagnostic Program Error Codes and Messages (2600-310/310D/310E/310ED)
ps-2.kev009.com,eprmhtml/epr2d/h5997.htm,313,.htm,error,Numeric Error Codes (TP-770 - 9548/49)
ps-2.kev009.com,eprmhtml/epr2d/h5998.htm,316,.htm,error,Diagnostic Error Codes (TP-770 - 9548/49)
ps-2.kev009.com,eprmhtml/epr2d/h6018.htm,299,.htm,error,Displaying the Error Log
ps-2.kev009.com,eprmhtml/epr2e/6428.htm,23436,.htm,error,Numeric Error Codes (TP 600/600E - 2645)
ps-2.kev009.com,eprmhtml/epr2e/6448.htm,2240,.htm,error,Displaying the Error Log (TP 380-2635/40 - 600-2645)
ps-2.kev009.com,eprmhtml/epr2e/6450.htm,2429,.htm,error,Diagnostic Error Codes (TP 600/600E - 2645)
ps-2.kev009.com,eprmhtml/epr2e/6521.htm,22791,.htm,error,"Numeric Error Codes (TP 380XD, 385XD - 2635)"
ps-2.kev009.com,eprmhtml/epr2e/6536.htm,2467,.htm,error,"Diagnostic Error Codes (TP 380XD, 385XD, 380Z - 2635)"
ps-2.kev009.com,eprmhtml/epr2e/6574.htm,2556,.htm,error,How to Use Error Messages (TP 560Z - 2640)
ps-2.kev009.com,eprmhtml/epr2e/6594.htm,23441,.htm,error,Numeric Error Codes (TP 560Z - 2640)
ps-2.kev009.com,eprmhtml/epr2e/6607.htm,2242,.htm,error,Displaying the Error Log (TP 560Z - 2640)
ps-2.kev009.com,eprmhtml/epr2e/6609.htm,2417,.htm,error,Diagnostic Error Codes (TP 560Z - 2640)
ps-2.kev009.com,eprmhtml/epr2e/6683.htm,11931,.htm,error,Diagnostic Error Codes (SelectaDock II - III)
ps-2.kev009.com,eprmhtml/epr2e/6712.htm,10450,.htm,error,Numeric Error Codes (TP 240 - 2609)
ps-2.kev009.com,eprmhtml/epr2e/6713.htm,4049,.htm,error,Error Messages (TP 240 - 2609)
ps-2.kev009.com,eprmhtml/epr2e/h6428.htm,316,.htm,error,Numeric Error Codes (TP 600/600E - 2645)
ps-2.kev009.com,eprmhtml/epr2e/h6448.htm,328,.htm,error,Displaying the Error Log (TP 380-2635/40 - 600-2645)
ps-2.kev009.com,eprmhtml/epr2e/h6450.htm,319,.htm,error,Diagnostic Error Codes (TP 600/600E - 2645)
ps-2.kev009.com,eprmhtml/epr2e/h6521.htm,320,.htm,error,"Numeric Error Codes (TP 380XD, 385XD - 2635)"
ps-2.kev009.com,eprmhtml/epr2e/h6536.htm,329,.htm,error,"Diagnostic Error Codes (TP 380XD, 385XD, 380Z - 2635)"
ps-2.kev009.com,eprmhtml/epr2e/h6574.htm,317,.htm,error,How to Use Error Messages (TP 560Z - 2640)
ps-2.kev009.com,eprmhtml/epr2e/h6594.htm,311,.htm,error,Numeric Error Codes (TP 560Z - 2640)
ps-2.kev009.com,eprmhtml/epr2e/h6607.htm,316,.htm,error,Displaying the Error Log (TP 560Z - 2640)
ps-2.kev009.com,eprmhtml/epr2e/h6609.htm,314,.htm,error,Diagnostic Error Codes (TP 560Z - 2640)
ps-2.kev009.com,eprmhtml/epr2e/h6683.htm,320,.htm,error,Diagnostic Error Codes (SelectaDock II - III)
ps-2.kev009.com,eprmhtml/epr2e/h6712.htm,311,.htm,error,Numeric Error Codes (TP 240 - 2609)
ps-2.kev009.com,eprmhtml/epr2e/h6713.htm,306,.htm,error,Error Messages (TP 240 - 2609)
ps-2.kev009.com,eprmhtml/epr2f/7071.htm,12648,.htm,error,Numeric Error Codes
ps-2.kev009.com,eprmhtml/epr2f/7072.htm,5005,.htm,error,Error Messages
ps-2.kev009.com,eprmhtml/epr2f/7167.htm,9467,.htm,error,Numeric Error Codes and Messages
ps-2.kev009.com,eprmhtml/epr2f/7246.htm,18429,.htm,error,PC Doctor Diagnostics Error Codes and Messages
ps-2.kev009.com,eprmhtml/epr2f/7266.htm,9787,.htm,error,Numeric Error Codes (TP 570 - 2644)
ps-2.kev009.com,eprmhtml/epr2f/7267.htm,4598,.htm,error,Error Messages (TP 570 - 2644)
ps-2.kev009.com,eprmhtml/epr2f/7335.htm,7458,.htm,error,Numeric Error Codes (WP z50 - 2608)
ps-2.kev009.com,eprmhtml/epr2f/h7071.htm,294,.htm,error,Numeric Error Codes
ps-2.kev009.com,eprmhtml/epr2f/h7072.htm,289,.htm,error,Error Messages
ps-2.kev009.com,eprmhtml/epr2f/h7167.htm,307,.htm,error,Numeric Error Codes and Messages
ps-2.kev009.com,eprmhtml/epr2f/h7246.htm,321,.htm,error,PC Doctor Diagnostics Error Codes and Messages
ps-2.kev009.com,eprmhtml/epr2f/h7266.htm,310,.htm,error,Numeric Error Codes (TP 570 - 2644)
ps-2.kev009.com,eprmhtml/epr2f/h7267.htm,305,.htm,error,Error Messages (TP 570 - 2644)
ps-2.kev009.com,eprmhtml/epr2f/h7335.htm,310,.htm,error,Numeric Error Codes (WP z50 - 2608)
ps-2.kev009.com,eprmhtml/epr3a/8415.htm,2915,.htm,error,Error Reporting P/390 (8641-S/390)
ps-2.kev009.com,eprmhtml/epr3a/8423.htm,2875,.htm,error,S/390 Machine Check Error Messages
ps-2.kev009.com,eprmhtml/epr3a/8434.htm,3397,.htm,error,Error Messages
ps-2.kev009.com,eprmhtml/epr3a/8484.htm,1692,.htm,error,Error Log
ps-2.kev009.com,eprmhtml/epr3a/8538.htm,21179,.htm,error,Error Codes (Server 325/330)
ps-2.kev009.com,eprmhtml/epr3a/8560.htm,4553,.htm,error,Hard Disk Drive Boot Error
ps-2.kev009.com,eprmhtml/epr3a/8607.htm,22450,.htm,error,"POST Error Codes (Server 330 - x1Y, Pxx)"
ps-2.kev009.com,eprmhtml/epr3a/8608.htm,37554,.htm,error,"Diagnostic Error Codes (Server 330 - x1Y, Pxx)"
ps-2.kev009.com,eprmhtml/epr3a/8609.htm,6275,.htm,error,"RAID POST Error Codes (Server 330 - x1Y, Pxx)"
ps-2.kev009.com,eprmhtml/epr3a/8610.htm,5959,.htm,error,"RAID Diagnostic Error Codes (Server 330 - x1Y, Pxx)"
ps-2.kev009.com,eprmhtml/epr3a/8611.htm,2509,.htm,error,"Error Code 7219h (Server 330 - x1Y, Pxx)"
ps-2.kev009.com,eprmhtml/epr3a/8626.htm,2324,.htm,error,Error Log (Netfinity 7000 - 8651)
ps-2.kev009.com,eprmhtml/epr3a/8627.htm,3796,.htm,error,Error Messages (Netfinity 7000 - 8651)
ps-2.kev009.com,eprmhtml/epr3a/8638.htm,2288,.htm,error,POST Error Codes and Messages (Netfinity 7000 - 8651)
ps-2.kev009.com,eprmhtml/epr3a/8770.htm,64935,.htm,error,Numeric Error Codes (Netfinity 7000 - 8651)
ps-2.kev009.com,eprmhtml/epr3a/8771.htm,3849,.htm,error,Error Symptoms (Netfinity 7000 - 8651)
ps-2.kev009.com,eprmhtml/epr3a/8799.htm,18468,.htm,error,Ethernet Subsystem Error Messages
ps-2.kev009.com,eprmhtml/epr3a/8806.htm,25160,.htm,error,POST Error Codes (Type 8644)
ps-2.kev009.com,eprmhtml/epr3a/8807.htm,5871,.htm,error,Diagnostic Error Codes (Type 8644)
ps-2.kev009.com,eprmhtml/epr3a/h8415.htm,309,.htm,error,Error Reporting P/390 (8641-S/390)
ps-2.kev009.com,eprmhtml/epr3a/h8423.htm,309,.htm,error,S/390 Machine Check Error Messages
ps-2.kev009.com,eprmhtml/epr3a/h8434.htm,289,.htm,error,Error Messages
ps-2.kev009.com,eprmhtml/epr3a/h8484.htm,284,.htm,error,Error Log
ps-2.kev009.com,eprmhtml/epr3a/h8538.htm,303,.htm,error,Error Codes (Server 325/330)
ps-2.kev009.com,eprmhtml/epr3a/h8560.htm,301,.htm,error,Hard Disk Drive Boot Error
ps-2.kev009.com,eprmhtml/epr3a/h8607.htm,315,.htm,error,"POST Error Codes (Server 330 - x1Y, Pxx)"
ps-2.kev009.com,eprmhtml/epr3a/h8608.htm,321,.htm,error,"Diagnostic Error Codes (Server 330 - x1Y, Pxx)"
ps-2.kev009.com,eprmhtml/epr3a/h8609.htm,320,.htm,error,"RAID POST Error Codes (Server 330 - x1Y, Pxx)"
ps-2.kev009.com,eprmhtml/epr3a/h8610.htm,326,.htm,error,"RAID Diagnostic Error Codes (Server 330 - x1Y, Pxx)"
ps-2.kev009.com,eprmhtml/epr3a/h8611.htm,315,.htm,error,"Error Code 7219h (Server 330 - x1Y, Pxx)"
ps-2.kev009.com,eprmhtml/epr3a/h8626.htm,308,.htm,error,Error Log (Netfinity 7000 - 8651)
ps-2.kev009.com,eprmhtml/epr3a/h8627.htm,313,.htm,error,Error Messages (Netfinity 7000 - 8651)
ps-2.kev009.com,eprmhtml/epr3a/h8638.htm,328,.htm,error,POST Error Codes and Messages (Netfinity 7000 - 8651)
ps-2.kev009.com,eprmhtml/epr3a/h8770.htm,318,.htm,error,Numeric Error Codes (Netfinity 7000 - 8651)
ps-2.kev009.com,eprmhtml/epr3a/h8771.htm,313,.htm,error,Error Symptoms (Netfinity 7000 - 8651)
ps-2.kev009.com,eprmhtml/epr3a/h8799.htm,308,.htm,error,Ethernet Subsystem Error Messages
ps-2.kev009.com,eprmhtml/epr3a/h8806.htm,303,.htm,error,POST Error Codes (Type 8644)
ps-2.kev009.com,eprmhtml/epr3a/h8807.htm,309,.htm,error,Diagnostic Error Codes (Type 8644)
ps-2.kev009.com,eprmhtml/epr3b/9067.htm,9666,.htm,error,RAID Diagnostic Error Codes
ps-2.kev009.com,eprmhtml/epr3b/9089.htm,8717,.htm,error,Error Codes (Adaptec)
ps-2.kev009.com,eprmhtml/epr3b/9151.htm,3872,.htm,error,Error Messages
ps-2.kev009.com,eprmhtml/epr3b/9291.htm,10249,.htm,error,Control Panel System Error LED
ps-2.kev009.com,eprmhtml/epr3b/9292.htm,44186,.htm,error,"Diagnostic Error Codes - Netfinity 5000-8659, 5500-8660"
ps-2.kev009.com,eprmhtml/epr3b/9293.htm,8252,.htm,error,Error Symptoms
ps-2.kev009.com,eprmhtml/epr3b/9295.htm,48958,.htm,error,POST Error Codes
ps-2.kev009.com,eprmhtml/epr3b/9296.htm,5250,.htm,error,SCSI Error Codes
ps-2.kev009.com,eprmhtml/epr3b/9297.htm,12055,.htm,error,ServeRAID II Controller Error Codes/Messages
ps-2.kev009.com,eprmhtml/epr3b/h9067.htm,302,.htm,error,RAID Diagnostic Error Codes
ps-2.kev009.com,eprmhtml/epr3b/h9089.htm,296,.htm,error,Error Codes (Adaptec)
ps-2.kev009.com,eprmhtml/epr3b/h9151.htm,289,.htm,error,Error Messages
ps-2.kev009.com,eprmhtml/epr3b/h9291.htm,305,.htm,error,Control Panel System Error LED
ps-2.kev009.com,eprmhtml/epr3b/h9292.htm,330,.htm,error,"Diagnostic Error Codes - Netfinity 5000-8659, 5500-8660"
ps-2.kev009.com,eprmhtml/epr3b/h9293.htm,289,.htm,error,Error Symptoms
ps-2.kev009.com,eprmhtml/epr3b/h9295.htm,291,.htm,error,POST Error Codes
ps-2.kev009.com,eprmhtml/epr3b/h9296.htm,291,.htm,error,SCSI Error Codes
ps-2.kev009.com,eprmhtml/epr3b/h9297.htm,319,.htm,error,ServeRAID II Controller Error Codes/Messages
ps-2.kev009.com,eprmhtml/epr3c/9635.htm,8962,.htm,error,MAP 2323&#58; SSA Intermittent Link Error
ps-2.kev009.com,eprmhtml/epr3c/9651.htm,5144,.htm,error,The Event / Error Logger Utility
ps-2.kev009.com,eprmhtml/epr3c/9715.htm,12413,.htm,error,Error Codes
ps-2.kev009.com,eprmhtml/epr3c/9716.htm,15396,.htm,error,NetWare Load-Time Error Messages
ps-2.kev009.com,eprmhtml/epr3c/9765.htm,12312,.htm,error,ServeRAID Error-Recovery Commands
ps-2.kev009.com,eprmhtml/epr3c/9905.htm,1846,.htm,error,Error Log
ps-2.kev009.com,eprmhtml/epr3c/9959.htm,4530,.htm,error,SCSI Error Codes
ps-2.kev009.com,eprmhtml/epr3c/h9635.htm,316,.htm,error,MAP 2323&#58; SSA Intermittent Link Error
ps-2.kev009.com,eprmhtml/epr3c/h9651.htm,307,.htm,error,The Event / Error Logger Utility
ps-2.kev009.com,eprmhtml/epr3c/h9715.htm,286,.htm,error,Error Codes
ps-2.kev009.com,eprmhtml/epr3c/h9716.htm,307,.htm,error,NetWare Load-Time Error Messages
ps-2.kev009.com,eprmhtml/epr3c/h9765.htm,308,.htm,error,ServeRAID Error-Recovery Commands
ps-2.kev009.com,eprmhtml/epr3c/h9905.htm,284,.htm,error,Error Log
ps-2.kev009.com,eprmhtml/epr3c/h9959.htm,291,.htm,error,SCSI Error Codes
ps-2.kev009.com,eprmhtml/epr3d/15431.htm,23041,.htm,error,Diagnostic Error Codes (Netfinity 7000-M10 - Type 8680)
ps-2.kev009.com,eprmhtml/epr3d/15432.htm,8126,.htm,error,Error Symptoms (Netfinity 7000-M10 - Type 8680)
ps-2.kev009.com,eprmhtml/epr3d/15434.htm,4963,.htm,error,SCSI LEDs - SCSI Error Codes (Netfinity 7000-M10 - Type 8680)
ps-2.kev009.com,eprmhtml/epr3d/15435.htm,3259,.htm,error,SMBUS Error (Beep Code 3-3-2) (Netfinity 7000-M10 - Type 8680)
ps-2.kev009.com,eprmhtml/epr3d/15486.htm,21564,.htm,error,PC ServeRAID Adapter Error Codes/Messages
ps-2.kev009.com,eprmhtml/epr3d/15487.htm,2110,.htm,error,POST (ISPR) Error Codes
ps-2.kev009.com,eprmhtml/epr3d/15488.htm,8192,.htm,error,POST (ISPR) Error Procedures
ps-2.kev009.com,eprmhtml/epr3d/15506.htm,21558,.htm,error,PC ServeRAID II Ultra SCSI Adapter Error Codes/Messages
ps-2.kev009.com,eprmhtml/epr3d/15507.htm,2109,.htm,error,POST (ISPR) Error Codes
ps-2.kev009.com,eprmhtml/epr3d/15508.htm,9097,.htm,error,POST (ISPR) Error Procedures
ps-2.kev009.com,eprmhtml/epr3d/15526.htm,21567,.htm,error,PC ServeRAID 3H Ultra SCSI Adapter Error Codes/Messages
ps-2.kev009.com,eprmhtml/epr3d/15527.htm,2119,.htm,error,POST (ISPR) Error Codes
ps-2.kev009.com,eprmhtml/epr3d/15528.htm,9249,.htm,error,POST (ISPR) Error Procedures
ps-2.kev009.com,eprmhtml/epr3d/15545.htm,21561,.htm,error,PC ServeRAID 3L Ultra SCSI Adapter Error Codes/Messages
ps-2.kev009.com,eprmhtml/epr3d/15546.htm,2112,.htm,error,POST (ISPR) Error Codes
ps-2.kev009.com,eprmhtml/epr3d/15547.htm,8284,.htm,error,POST (ISPR) Error Procedures
ps-2.kev009.com,eprmhtml/epr3d/15585.htm,2520,.htm,error,Error Correction Code (ECC)
ps-2.kev009.com,eprmhtml/epr3d/15591.htm,3066,.htm,error,Grown Sector Media Error Protection
ps-2.kev009.com,eprmhtml/epr3d/15729.htm,11563,.htm,error,ServeRAID Adapter Status and Error Messages
ps-2.kev009.com,eprmhtml/epr3d/15756.htm,20328,.htm,error,POST Error Codes
ps-2.kev009.com,eprmhtml/epr3d/15792.htm,3795,.htm,error,Error messages
ps-2.kev009.com,eprmhtml/epr3d/h15431.htm,331,.htm,error,Diagnostic Error Codes (Netfinity 7000-M10 - Type 8680)
ps-2.kev009.com,eprmhtml/epr3d/h15432.htm,323,.htm,error,Error Symptoms (Netfinity 7000-M10 - Type 8680)
ps-2.kev009.com,eprmhtml/epr3d/h15434.htm,337,.htm,error,SCSI LEDs - SCSI Error Codes (Netfinity 7000-M10 - Type 8680)
ps-2.kev009.com,eprmhtml/epr3d/h15435.htm,338,.htm,error,SMBUS Error (Beep Code 3-3-2) (Netfinity 7000-M10 - Type 8680)
ps-2.kev009.com,eprmhtml/epr3d/h15486.htm,317,.htm,error,PC ServeRAID Adapter Error Codes/Messages
ps-2.kev009.com,eprmhtml/epr3d/h15487.htm,299,.htm,error,POST (ISPR) Error Codes
ps-2.kev009.com,eprmhtml/epr3d/h15488.htm,304,.htm,error,POST (ISPR) Error Procedures
ps-2.kev009.com,eprmhtml/epr3d/h15506.htm,331,.htm,error,PC ServeRAID II Ultra SCSI Adapter Error Codes/Messages
ps-2.kev009.com,eprmhtml/epr3d/h15507.htm,299,.htm,error,POST (ISPR) Error Codes
ps-2.kev009.com,eprmhtml/epr3d/h15508.htm,304,.htm,error,POST (ISPR) Error Procedures
ps-2.kev009.com,eprmhtml/epr3d/h15526.htm,331,.htm,error,PC ServeRAID 3H Ultra SCSI Adapter Error Codes/Messages
ps-2.kev009.com,eprmhtml/epr3d/h15527.htm,299,.htm,error,POST (ISPR) Error Codes
ps-2.kev009.com,eprmhtml/epr3d/h15528.htm,304,.htm,error,POST (ISPR) Error Procedures
ps-2.kev009.com,eprmhtml/epr3d/h15545.htm,331,.htm,error,PC ServeRAID 3L Ultra SCSI Adapter Error Codes/Messages
ps-2.kev009.com,eprmhtml/epr3d/h15546.htm,299,.htm,error,POST (ISPR) Error Codes
ps-2.kev009.com,eprmhtml/epr3d/h15547.htm,304,.htm,error,POST (ISPR) Error Procedures
ps-2.kev009.com,eprmhtml/epr3d/h15585.htm,303,.htm,error,Error Correction Code (ECC)
ps-2.kev009.com,eprmhtml/epr3d/h15591.htm,311,.htm,error,Grown Sector Media Error Protection
ps-2.kev009.com,eprmhtml/epr3d/h15729.htm,319,.htm,error,ServeRAID Adapter Status and Error Messages
ps-2.kev009.com,eprmhtml/epr3d/h15756.htm,292,.htm,error,POST Error Codes
ps-2.kev009.com,eprmhtml/epr3d/h15792.htm,290,.htm,error,Error messages
ps-2.kev009.com,eprmhtml/epr3e/16261.htm,5642,.htm,error,Error-Recovery Commands
ps-2.kev009.com,eprmhtml/epr3e/16353.htm,13531,.htm,error,Problem and Error Code Recreation MAP
ps-2.kev009.com,eprmhtml/epr3e/16369.htm,18053,.htm,error,Error Codes
ps-2.kev009.com,eprmhtml/epr3e/16439.htm,2319,.htm,error,Accessing the System Error Log (for the RS/6000 Only)
ps-2.kev009.com,eprmhtml/epr3e/16440.htm,2036,.htm,error,Error Log Analysis
ps-2.kev009.com,eprmhtml/epr3e/16443.htm,44136,.htm,error,Resolving an Error in the Tape Library
ps-2.kev009.com,eprmhtml/epr3e/16444.htm,60974,.htm,error,Resolving an Error in the DLT7000 Tape Drive
ps-2.kev009.com,eprmhtml/epr3e/16449.htm,10421,.htm,error,tapeutil Error Messages
ps-2.kev009.com,eprmhtml/epr3e/16486.htm,14145,.htm,error,Information Panel System Error LED
ps-2.kev009.com,eprmhtml/epr3e/16487.htm,9367,.htm,error,ServeRAID POST Error Codes (8662)
ps-2.kev009.com,eprmhtml/epr3e/h16261.htm,299,.htm,error,Error-Recovery Commands
ps-2.kev009.com,eprmhtml/epr3e/h16353.htm,313,.htm,error,Problem and Error Code Recreation MAP
ps-2.kev009.com,eprmhtml/epr3e/h16369.htm,287,.htm,error,Error Codes
ps-2.kev009.com,eprmhtml/epr3e/h16439.htm,329,.htm,error,Accessing the System Error Log (for the RS/6000 Only)
ps-2.kev009.com,eprmhtml/epr3e/h16440.htm,294,.htm,error,Error Log Analysis
ps-2.kev009.com,eprmhtml/epr3e/h16443.htm,314,.htm,error,Resolving an Error in the Tape Library
ps-2.kev009.com,eprmhtml/epr3e/h16444.htm,320,.htm,error,Resolving an Error in the DLT7000 Tape Drive
ps-2.kev009.com,eprmhtml/epr3e/h16449.htm,299,.htm,error,tapeutil Error Messages
ps-2.kev009.com,eprmhtml/epr3e/h16486.htm,310,.htm,error,Information Panel System Error LED
ps-2.kev009.com,eprmhtml/epr3e/h16487.htm,309,.htm,error,ServeRAID POST Error Codes (8662)
ps-2.kev009.com,eprmhtml/epr3f/16077.htm,31254,.htm,error,Diagnostic Error Codes - Netfinity 5600 - Type 8664
ps-2.kev009.com,eprmhtml/epr3f/16078.htm,6421,.htm,error,Error Symptoms - Netfinity 5600 - Type 8664
ps-2.kev009.com,eprmhtml/epr3f/16079.htm,33898,.htm,error,POST Error Codes - Netfinity 5600 - Type 8664
ps-2.kev009.com,eprmhtml/epr3f/16080.htm,4650,.htm,error,SCSI Error Codes - Netfinity 5600 - Type 8664
ps-2.kev009.com,eprmhtml/epr3f/16099.htm,3492,.htm,error,Error Logs - (NF 8500R - Type 8681)
ps-2.kev009.com,eprmhtml/epr3f/16176.htm,35847,.htm,error,Diagnostic error codes - (NF 8500R - Type 8681)
ps-2.kev009.com,eprmhtml/epr3f/16177.htm,19166,.htm,error,Other error symptoms - (NF 8500R - Type 8681)
ps-2.kev009.com,eprmhtml/epr3f/16178.htm,55167,.htm,error,POST error codes - (NF 8500R - Type 8681)
ps-2.kev009.com,eprmhtml/epr3f/16181.htm,8761,.htm,error,SM BUS error (3-3-2) - (NF 8500R - Type 8681)
ps-2.kev009.com,eprmhtml/epr3f/h16077.htm,327,.htm,error,Diagnostic Error Codes - Netfinity 5600 - Type 8664
ps-2.kev009.com,eprmhtml/epr3f/h16078.htm,319,.htm,error,Error Symptoms - Netfinity 5600 - Type 8664
ps-2.kev009.com,eprmhtml/epr3f/h16079.htm,321,.htm,error,POST Error Codes - Netfinity 5600 - Type 8664
ps-2.kev009.com,eprmhtml/epr3f/h16080.htm,321,.htm,error,SCSI Error Codes - Netfinity 5600 - Type 8664
ps-2.kev009.com,eprmhtml/epr3f/h16099.htm,311,.htm,error,Error Logs - (NF 8500R - Type 8681)
ps-2.kev009.com,eprmhtml/epr3f/h16176.htm,323,.htm,error,Diagnostic error codes - (NF 8500R - Type 8681)
ps-2.kev009.com,eprmhtml/epr3f/h16177.htm,321,.htm,error,Other error symptoms - (NF 8500R - Type 8681)
ps-2.kev009.com,eprmhtml/epr3f/h16178.htm,317,.htm,error,POST error codes - (NF 8500R - Type 8681)
ps-2.kev009.com,eprmhtml/epr3f/h16181.htm,321,.htm,error,SM BUS error (3-3-2) - (NF 8500R - Type 8681)
ps-2.kev009.com,eprmhtml/eprm/17.htm,3329,.htm,error,General Checkout / Symptoms / Error Codes
ps-2.kev009.com,eprmhtml/eprm/28.htm,27885,.htm,error,Numeric ERROR CODES AT Bus
ps-2.kev009.com,eprmhtml/eprm/34.htm,2413,.htm,error,System Error Log
ps-2.kev009.com,eprmhtml/eprm/40.htm,138158,.htm,error,Numeric ERROR CODES / Micro Channel
ps-2.kev009.com,eprmhtml/eprm/41.htm,5453,.htm,error,85xx 486DX2 Upgrade POST Error codes
ps-2.kev009.com,eprmhtml/eprm/45.htm,34447,.htm,error,SCSI Fixed Disk Diagnostic Error Return Codes
ps-2.kev009.com,eprmhtml/eprm/46.htm,3375,.htm,error,Error Code / Symptom - Type 62xx-65xx/68xx and 2134-2176 (100-300/700 Series/Aptiva)
ps-2.kev009.com,eprmhtml/eprm/51.htm,89040,.htm,error,"Error Codes 62xx-65xx/68xx, Netfinity 3000 - Type 8476, 8638-315 and 2134-2176 Aptiva"
ps-2.kev009.com,eprmhtml/eprm/60.htm,18822,.htm,error,Error Codes (QAPlus/PRO)
ps-2.kev009.com,eprmhtml/eprm/61.htm,11928,.htm,error,Miscellaneous Error Symptoms
ps-2.kev009.com,eprmhtml/eprm/72.htm,19389,.htm,error,SCSI/Non-SCSI Error Code Format
ps-2.kev009.com,eprmhtml/eprm/h17.htm,314,.htm,error,General Checkout / Symptoms / Error Codes
ps-2.kev009.com,eprmhtml/eprm/h28.htm,299,.htm,error,Numeric ERROR CODES AT Bus
ps-2.kev009.com,eprmhtml/eprm/h34.htm,289,.htm,error,System Error Log
ps-2.kev009.com,eprmhtml/eprm/h40.htm,308,.htm,error,Numeric ERROR CODES / Micro Channel
ps-2.kev009.com,eprmhtml/eprm/h41.htm,309,.htm,error,85xx 486DX2 Upgrade POST Error codes
ps-2.kev009.com,eprmhtml/eprm/h45.htm,318,.htm,error,SCSI Fixed Disk Diagnostic Error Return Codes
ps-2.kev009.com,eprmhtml/eprm/h46.htm,357,.htm,error,Error Code / Symptom - Type 62xx-65xx/68xx and 2134-2176 (100-300/700 Series/Aptiva)
ps-2.kev009.com,eprmhtml/eprm/h51.htm,358,.htm,error,"Error Codes 62xx-65xx/68xx, Netfinity 3000 - Type 8476, 8638-315 and 2134-2176 Aptiva"
ps-2.kev009.com,eprmhtml/eprm/h60.htm,297,.htm,error,Error Codes (QAPlus/PRO)
ps-2.kev009.com,eprmhtml/eprm/h61.htm,301,.htm,error,Miscellaneous Error Symptoms
ps-2.kev009.com,eprmhtml/eprm/h72.htm,304,.htm,error,SCSI/Non-SCSI Error Code Format
ps-2.kev009.com,eprmhtml/eprm0/2193.htm,2293,.htm,error,Common Error Message.
ps-2.kev009.com,eprmhtml/eprm0/h2193.htm,296,.htm,error,Common Error Message.
ps-2.kev009.com,eprmhtml/eprm1/2582.htm,19782,.htm,error,Numeric ERROR Codes Power PC
ps-2.kev009.com,eprmhtml/eprm1/2583.htm,15808,.htm,error,SCSI Symptoms and Error Codes Power PC
ps-2.kev009.com,eprmhtml/eprm1/h2582.htm,303,.htm,error,Numeric ERROR Codes Power PC
ps-2.kev009.com,eprmhtml/eprm1/h2583.htm,313,.htm,error,SCSI Symptoms and Error Codes Power PC
ps-2.kev009.com,eprmhtml/eprm2/3252.htm,20563,.htm,error,Numeric Error Codes (8551)
ps-2.kev009.com,eprmhtml/eprm2/3279.htm,21668,.htm,error,Numeric Error Codes (8554)
ps-2.kev009.com,eprmhtml/eprm2/3301.htm,31520,.htm,error,Symptom - FRU Index - Error Codes (8573)
ps-2.kev009.com,eprmhtml/eprm2/3322.htm,23159,.htm,error,Numeric Error Codes (2615)
ps-2.kev009.com,eprmhtml/eprm2/3347.htm,10888,.htm,error,Numeric Error Codes (2618)
ps-2.kev009.com,eprmhtml/eprm2/3360.htm,3271,.htm,error,Error Log (2618)
ps-2.kev009.com,eprmhtml/eprm2/3362.htm,2333,.htm,error,Display the Error Log (2618)
ps-2.kev009.com,eprmhtml/eprm2/3376.htm,6289,.htm,error,Numeric Error Codes (2603)
ps-2.kev009.com,eprmhtml/eprm2/3389.htm,3263,.htm,error,Error Log (2603)
ps-2.kev009.com,eprmhtml/eprm2/3391.htm,2333,.htm,error,Display the Error Log (2603)
ps-2.kev009.com,eprmhtml/eprm2/3409.htm,7134,.htm,error,Numeric Error Codes (2604)
ps-2.kev009.com,eprmhtml/eprm2/3424.htm,2442,.htm,error,Error Log (2604)
ps-2.kev009.com,eprmhtml/eprm2/3425.htm,2899,.htm,error,Creating the Error Log (2604)
ps-2.kev009.com,eprmhtml/eprm2/3427.htm,2613,.htm,error,Displaying the Error Log (2604)
ps-2.kev009.com,eprmhtml/eprm2/3443.htm,16808,.htm,error,Numeric Error Codes (3550)
ps-2.kev009.com,eprmhtml/eprm2/3460.htm,8810,.htm,error,Numeric Error Codes (3545)
ps-2.kev009.com,eprmhtml/eprm2/3472.htm,2165,.htm,error,Diagnostic Error Indications (3545)
ps-2.kev009.com,eprmhtml/eprm2/3475.htm,2191,.htm,error,Error Log (3545)
ps-2.kev009.com,eprmhtml/eprm2/3504.htm,18546,.htm,error,How to Use Error Messages (3546)
ps-2.kev009.com,eprmhtml/eprm2/3517.htm,2461,.htm,error,Diagnostic Error Indications (3546)
ps-2.kev009.com,eprmhtml/eprm2/3520.htm,2198,.htm,error,Error Log (3546)
ps-2.kev009.com,eprmhtml/eprm2/3526.htm,7615,.htm,error,Numeric Error Codes (3546)
ps-2.kev009.com,eprmhtml/eprm2/h3252.htm,301,.htm,error,Numeric Error Codes (8551)
ps-2.kev009.com,eprmhtml/eprm2/h3279.htm,301,.htm,error,Numeric Error Codes (8554)
ps-2.kev009.com,eprmhtml/eprm2/h3301.htm,315,.htm,error,Symptom - FRU Index - Error Codes (8573)
ps-2.kev009.com,eprmhtml/eprm2/h3322.htm,301,.htm,error,Numeric Error Codes (2615)
ps-2.kev009.com,eprmhtml/eprm2/h3347.htm,301,.htm,error,Numeric Error Codes (2618)
ps-2.kev009.com,eprmhtml/eprm2/h3360.htm,291,.htm,error,Error Log (2618)
ps-2.kev009.com,eprmhtml/eprm2/h3362.htm,303,.htm,error,Display the Error Log (2618)
ps-2.kev009.com,eprmhtml/eprm2/h3376.htm,301,.htm,error,Numeric Error Codes (2603)
ps-2.kev009.com,eprmhtml/eprm2/h3389.htm,291,.htm,error,Error Log (2603)
ps-2.kev009.com,eprmhtml/eprm2/h3391.htm,303,.htm,error,Display the Error Log (2603)
ps-2.kev009.com,eprmhtml/eprm2/h3409.htm,301,.htm,error,Numeric Error Codes (2604)
ps-2.kev009.com,eprmhtml/eprm2/h3424.htm,291,.htm,error,Error Log (2604)
ps-2.kev009.com,eprmhtml/eprm2/h3425.htm,304,.htm,error,Creating the Error Log (2604)
ps-2.kev009.com,eprmhtml/eprm2/h3427.htm,306,.htm,error,Displaying the Error Log (2604)
ps-2.kev009.com,eprmhtml/eprm2/h3443.htm,301,.htm,error,Numeric Error Codes (3550)
ps-2.kev009.com,eprmhtml/eprm2/h3460.htm,301,.htm,error,Numeric Error Codes (3545)
ps-2.kev009.com,eprmhtml/eprm2/h3472.htm,310,.htm,error,Diagnostic Error Indications (3545)
ps-2.kev009.com,eprmhtml/eprm2/h3475.htm,291,.htm,error,Error Log (3545)
ps-2.kev009.com,eprmhtml/eprm2/h3504.htm,307,.htm,error,How to Use Error Messages (3546)
ps-2.kev009.com,eprmhtml/eprm2/h3517.htm,310,.htm,error,Diagnostic Error Indications (3546)
ps-2.kev009.com,eprmhtml/eprm2/h3520.htm,291,.htm,error,Error Log (3546)
ps-2.kev009.com,eprmhtml/eprm2/h3526.htm,301,.htm,error,Numeric Error Codes (3546)
ps-2.kev009.com,eprmhtml/eprm3/7712.htm,3447,.htm,error,Error Messages
ps-2.kev009.com,eprmhtml/eprm3/7737.htm,2735,.htm,error,Hard Disk Drive Boot Error
ps-2.kev009.com,eprmhtml/eprm3/7745.htm,72255,.htm,error,Numeric Error Codes
ps-2.kev009.com,eprmhtml/eprm3/7747.htm,10410,.htm,error,Miscellaneous Error Symptoms
ps-2.kev009.com,eprmhtml/eprm3/7815.htm,18428,.htm,error,Error Codes (8640 - 300)
ps-2.kev009.com,eprmhtml/eprm3/7816.htm,26579,.htm,error,Numeric Error Codes (Type 8640)
ps-2.kev009.com,eprmhtml/eprm3/7905.htm,2500,.htm,error,Corollary Error Codes
ps-2.kev009.com,eprmhtml/eprm3/7907.htm,2759,.htm,error,Test Error Indication (EP)
ps-2.kev009.com,eprmhtml/eprm3/7909.htm,3379,.htm,error,Multiprocessor Error Indication (IP and FP Codes)
ps-2.kev009.com,eprmhtml/eprm3/7913.htm,11973,.htm,error,Error Codes
ps-2.kev009.com,eprmhtml/eprm3/7915.htm,6653,.htm,error,Error Codes (8641-500)
ps-2.kev009.com,eprmhtml/eprm3/7916.htm,3061,.htm,error,Error Messages
ps-2.kev009.com,eprmhtml/eprm3/7917.htm,19269,.htm,error,SCSI/Non-SCSI Error Code Format
ps-2.kev009.com,eprmhtml/eprm3/7918.htm,12115,.htm,error,PCI Error Format and Error Codes/Messages
ps-2.kev009.com,eprmhtml/eprm3/8098.htm,1922,.htm,error,Software-Generated Error Messages (8650)
ps-2.kev009.com,eprmhtml/eprm3/8164.htm,29594,.htm,error,Numeric Error Codes (8650)
ps-2.kev009.com,eprmhtml/eprm3/8165.htm,11525,.htm,error,Mylex RAID Adapter Error Codes (8650)
ps-2.kev009.com,eprmhtml/eprm3/h7712.htm,289,.htm,error,Error Messages
ps-2.kev009.com,eprmhtml/eprm3/h7737.htm,301,.htm,error,Hard Disk Drive Boot Error
ps-2.kev009.com,eprmhtml/eprm3/h7745.htm,294,.htm,error,Numeric Error Codes
ps-2.kev009.com,eprmhtml/eprm3/h7747.htm,303,.htm,error,Miscellaneous Error Symptoms
ps-2.kev009.com,eprmhtml/eprm3/h7815.htm,299,.htm,error,Error Codes (8640 - 300)
ps-2.kev009.com,eprmhtml/eprm3/h7816.htm,306,.htm,error,Numeric Error Codes (Type 8640)
ps-2.kev009.com,eprmhtml/eprm3/h7905.htm,296,.htm,error,Corollary Error Codes
ps-2.kev009.com,eprmhtml/eprm3/h7907.htm,301,.htm,error,Test Error Indication (EP)
ps-2.kev009.com,eprmhtml/eprm3/h7909.htm,324,.htm,error,Multiprocessor Error Indication (IP and FP Codes)
ps-2.kev009.com,eprmhtml/eprm3/h7913.htm,286,.htm,error,Error Codes
ps-2.kev009.com,eprmhtml/eprm3/h7915.htm,297,.htm,error,Error Codes (8641-500)
ps-2.kev009.com,eprmhtml/eprm3/h7916.htm,289,.htm,error,Error Messages
ps-2.kev009.com,eprmhtml/eprm3/h7917.htm,306,.htm,error,SCSI/Non-SCSI Error Code Format
ps-2.kev009.com,eprmhtml/eprm3/h7918.htm,316,.htm,error,PCI Error Format and Error Codes/Messages
ps-2.kev009.com,eprmhtml/eprm3/h8098.htm,315,.htm,error,Software-Generated Error Messages (8650)
ps-2.kev009.com,eprmhtml/eprm3/h8164.htm,301,.htm,error,Numeric Error Codes (8650)
ps-2.kev009.com,eprmhtml/eprm3/h8165.htm,312,.htm,error,Mylex RAID Adapter Error Codes (8650)
ps-2.kev009.com,eprmhtml/eprma/662.htm,75301,.htm,error,Error Codes 2136/2137 SL-A only
ps-2.kev009.com,eprmhtml/eprma/721.htm,4390,.htm,error,Hard Disk Drive Boot Error
ps-2.kev009.com,eprmhtml/eprma/844.htm,2314,.htm,error,POST Error History
ps-2.kev009.com,eprmhtml/eprma/849.htm,3615,.htm,error,"Index of Symptoms, Messages, Error Codes, or Beeps (2140, 2142)"
ps-2.kev009.com,eprmhtml/eprma/852.htm,29831,.htm,error,"Error Codes (2140, 2142)"
ps-2.kev009.com,eprmhtml/eprma/863.htm,4090,.htm,error,"Hard Disk Drive Boot Error (2140, 2142)"
ps-2.kev009.com,eprmhtml/eprma/875.htm,111561,.htm,error,Enhanced Diagnostic Error Codes
ps-2.kev009.com,eprmhtml/eprma/897.htm,48480,.htm,error,Error Messages (QAPlus/PRO)
ps-2.kev009.com,eprmhtml/eprma/h662.htm,305,.htm,error,Error Codes 2136/2137 SL-A only
ps-2.kev009.com,eprmhtml/eprma/h721.htm,300,.htm,error,Hard Disk Drive Boot Error
ps-2.kev009.com,eprmhtml/eprma/h844.htm,292,.htm,error,POST Error History
ps-2.kev009.com,eprmhtml/eprma/h849.htm,337,.htm,error,"Index of Symptoms, Messages, Error Codes, or Beeps (2140, 2142)"
ps-2.kev009.com,eprmhtml/eprma/h852.htm,298,.htm,error,"Error Codes (2140, 2142)"
ps-2.kev009.com,eprmhtml/eprma/h863.htm,313,.htm,error,"Hard Disk Drive Boot Error (2140, 2142)"
ps-2.kev009.com,eprmhtml/eprma/h875.htm,305,.htm,error,Enhanced Diagnostic Error Codes
ps-2.kev009.com,eprmhtml/eprma/h897.htm,301,.htm,error,Error Messages (QAPlus/PRO)
ps-2.kev009.com,eprmhtml/eprmb/1337.htm,6044,.htm,error,"Index of Symptoms, Messages, Error Codes, or Beeps - Aptiva (SL-A) 2158, 2163"
ps-2.kev009.com,eprmhtml/eprmb/1338.htm,24098,.htm,error,Post Error Codes and Messages List - Aptiva (SL-A) 2139/53/58/63
ps-2.kev009.com,eprmhtml/eprmb/1339.htm,8704,.htm,error,BIOS Error Beeps List - Aptiva (SL-A) 2139/53/58/63
ps-2.kev009.com,eprmhtml/eprmb/1340.htm,44243,.htm,error,Error Symptoms List - Aptiva (SL-A) 2139/53/58/63
ps-2.kev009.com,eprmhtml/eprmb/1467.htm,5612,.htm,error,"Index of Symptoms, Messages, Error Codes, or Beeps (Aptiva 2165 - SL-A)"
ps-2.kev009.com,eprmhtml/eprmb/1468.htm,18563,.htm,error,"BIOS Error Codes, Messages, and Beeps List (Aptiva 2165 - SL-A)"
ps-2.kev009.com,eprmhtml/eprmb/1469.htm,3700,.htm,error,BIOS Error Codes - Beeps List (Aptiva 2165 - SL-A)
ps-2.kev009.com,eprmhtml/eprmb/1470.htm,30447,.htm,error,"Error Symptoms List - Processor, System Board - Devices &amp; Ports (Aptiva 2165 - SL-A)"
ps-2.kev009.com,eprmhtml/eprmb/1531.htm,6691,.htm,error,"Index of Symptoms, Messages, Error Codes, or Beeps (Aptiva 2170/71/72/74/87/90) - SL-A)"
ps-2.kev009.com,eprmhtml/eprmb/1532.htm,36240,.htm,error,POST Error Codes and Messages List (Aptiva 2170/71/72/87/90 - SL-A)
ps-2.kev009.com,eprmhtml/eprmb/1533.htm,6302,.htm,error,BIOS Error Beeps List (Aptiva 2170/71/72 - SL-A)
ps-2.kev009.com,eprmhtml/eprmb/1534.htm,43020,.htm,error,Error Symptoms List (Aptiva 2170/71/72/74 - SL-A)
ps-2.kev009.com,eprmhtml/eprmb/1646.htm,4274,.htm,error,BIOS Error Beeps (Aptiva 2174 - SL-A)
ps-2.kev009.com,eprmhtml/eprmb/1647.htm,13305,.htm,error,BIOS Error Messages (Aptiva 2174 - SL-A)
ps-2.kev009.com,eprmhtml/eprmb/1689.htm,37252,.htm,error,Error Symptoms List (Aptiva 2187/2190 - SL-A)
ps-2.kev009.com,eprmhtml/eprmb/1690.htm,3524,.htm,error,BIOS Error Beeps List (Aptiva 2187/2190 - SL-A)
ps-2.kev009.com,eprmhtml/eprmb/1700.htm,3999,.htm,error,Hard Disk drive Boot Error
ps-2.kev009.com,eprmhtml/eprmb/1777.htm,72631,.htm,error,POST Error Codes (6565/6868/6878)
ps-2.kev009.com,eprmhtml/eprmb/1778.htm,13430,.htm,error,Miscellaneous Error Messages (6565/6868/6878)
ps-2.kev009.com,eprmhtml/eprmb/h1337.htm,352,.htm,error,"Index of Symptoms, Messages, Error Codes, or Beeps - Aptiva (SL-A) 2158, 2163"
ps-2.kev009.com,eprmhtml/eprmb/h1338.htm,339,.htm,error,Post Error Codes and Messages List - Aptiva (SL-A) 2139/53/58/63
ps-2.kev009.com,eprmhtml/eprmb/h1339.htm,326,.htm,error,BIOS Error Beeps List - Aptiva (SL-A) 2139/53/58/63
ps-2.kev009.com,eprmhtml/eprmb/h1340.htm,324,.htm,error,Error Symptoms List - Aptiva (SL-A) 2139/53/58/63
ps-2.kev009.com,eprmhtml/eprmb/h1467.htm,347,.htm,error,"Index of Symptoms, Messages, Error Codes, or Beeps (Aptiva 2165 - SL-A)"
ps-2.kev009.com,eprmhtml/eprmb/h1468.htm,339,.htm,error,"BIOS Error Codes, Messages, and Beeps List (Aptiva 2165 - SL-A)"
ps-2.kev009.com,eprmhtml/eprmb/h1469.htm,326,.htm,error,BIOS Error Codes - Beeps List (Aptiva 2165 - SL-A)
ps-2.kev009.com,eprmhtml/eprmb/h1470.htm,364,.htm,error,"Error Symptoms List - Processor, System Board - Devices &amp; Ports (Aptiva 2165 - SL-A)"
ps-2.kev009.com,eprmhtml/eprmb/h1531.htm,363,.htm,error,"Index of Symptoms, Messages, Error Codes, or Beeps (Aptiva 2170/71/72/74/87/90) - SL-A)"
ps-2.kev009.com,eprmhtml/eprmb/h1532.htm,343,.htm,error,POST Error Codes and Messages List (Aptiva 2170/71/72/87/90 - SL-A)
ps-2.kev009.com,eprmhtml/eprmb/h1533.htm,324,.htm,error,BIOS Error Beeps List (Aptiva 2170/71/72 - SL-A)
ps-2.kev009.com,eprmhtml/eprmb/h1534.htm,325,.htm,error,Error Symptoms List (Aptiva 2170/71/72/74 - SL-A)
ps-2.kev009.com,eprmhtml/eprmb/h1646.htm,312,.htm,error,BIOS Error Beeps (Aptiva 2174 - SL-A)
ps-2.kev009.com,eprmhtml/eprmb/h1647.htm,315,.htm,error,BIOS Error Messages (Aptiva 2174 - SL-A)
ps-2.kev009.com,eprmhtml/eprmb/h1689.htm,321,.htm,error,Error Symptoms List (Aptiva 2187/2190 - SL-A)
ps-2.kev009.com,eprmhtml/eprmb/h1690.htm,323,.htm,error,BIOS Error Beeps List (Aptiva 2187/2190 - SL-A)
ps-2.kev009.com,eprmhtml/eprmb/h1700.htm,301,.htm,error,Hard Disk drive Boot Error
ps-2.kev009.com,eprmhtml/eprmb/h1777.htm,308,.htm,error,POST Error Codes (6565/6868/6878)
ps-2.kev009.com,eprmhtml/eprmb/h1778.htm,320,.htm,error,Miscellaneous Error Messages (6565/6868/6878)
ps-2.kev009.com,eprmhtml/eprmx/12232.htm,7056,.htm,error,OS/2 Trap Error Codes
ps-2.kev009.com,eprmhtml/eprmx/12233.htm,11589,.htm,error,Internal DOS Error Codes
ps-2.kev009.com,eprmhtml/eprmx/12235.htm,18876,.htm,error,ValuePoint error/solution fixes
ps-2.kev009.com,eprmhtml/eprmx/12249.htm,2381,.htm,error,162/163 error after configuration change
ps-2.kev009.com,eprmhtml/eprmx/12250.htm,2146,.htm,error,162/163 error during next power on
ps-2.kev009.com,eprmhtml/eprmx/12252.htm,2075,.htm,error,A system hang or parity error when booting Windows
ps-2.kev009.com,eprmhtml/eprmx/12262.htm,2121,.htm,error,Token Ring 16/4 adapter II (P/N 03f0215) hang/test error
ps-2.kev009.com,eprmhtml/eprmx/12266.htm,2963,.htm,error,Data integrity error and 340MB harddisk
ps-2.kev009.com,eprmhtml/eprmx/12267.htm,2301,.htm,error,Error message .. 32 bit access is not supported
ps-2.kev009.com,eprmhtml/eprmx/12277.htm,1956,.htm,error,1712 error during test
ps-2.kev009.com,eprmhtml/eprmx/12283.htm,2294,.htm,not found,Adapter not found
ps-2.kev009.com,eprmhtml/eprmx/12290.htm,3381,.htm,error,"POST error code 161, 162, 163 on 425sx"
ps-2.kev009.com,eprmhtml/eprmx/12319.htm,3787,.htm,error,P60/d floppy read error / Windows nt
ps-2.kev009.com,eprmhtml/eprmx/12339.htm,2617,.htm,error,588 error during diagnose
ps-2.kev009.com,eprmhtml/eprmx/12343.htm,2194,.htm,error,Ethernet adapter TRAP 00E error
ps-2.kev009.com,eprmhtml/eprmx/12348.htm,2615,.htm,error,Diagnostic error 105
ps-2.kev009.com,eprmhtml/eprmx/12375.htm,2413,.htm,error,Wide Area connector / diagnose error
ps-2.kev009.com,eprmhtml/eprmx/12408.htm,2118,.htm,error,ECA 021 - 8570 - 110 error
ps-2.kev009.com,eprmhtml/eprmx/12410.htm,3640,.htm,error,ECA 024 - 113 error
ps-2.kev009.com,eprmhtml/eprmx/12421.htm,2802,.htm,error,ECA 039 - 30-286 RIPL (resume) F1 error
ps-2.kev009.com,eprmhtml/eprmx/12444.htm,5338,.htm,error,ECA 069 - 162 + 601 POST error
ps-2.kev009.com,eprmhtml/eprmx/12462.htm,4702,.htm,error,PCI bus parity checking and error handling
ps-2.kev009.com,eprmhtml/eprmx/12467.htm,2976,.htm,error,IBM-DOS V-7.0 - ERROR Messages
ps-2.kev009.com,eprmhtml/eprmx/12469.htm,12194,.htm,error,IBM-DOS V-7.0 -A- ERROR Messages
ps-2.kev009.com,eprmhtml/eprmx/12470.htm,13057,.htm,error,IBM-DOS V-7.0 -B- ERROR Messages
ps-2.kev009.com,eprmhtml/eprmx/12471.htm,51844,.htm,error,IBM-DOS V-7.0 -C- ERROR Messages
ps-2.kev009.com,eprmhtml/eprmx/12472.htm,27939,.htm,error,IBM-DOS V-7.0 -D- ERROR Messages
ps-2.kev009.com,eprmhtml/eprmx/12473.htm,86993,.htm,error,IBM-DOS V-7.0 -E- ERROR Messages
ps-2.kev009.com,eprmhtml/eprmx/12474.htm,16919,.htm,error,IBM-DOS V-7.0 -F- ERROR Messages
ps-2.kev009.com,eprmhtml/eprmx/12475.htm,3354,.htm,error,IBM-DOS V-7.0 -G- ERROR Messages
ps-2.kev009.com,eprmhtml/eprmx/12476.htm,3958,.htm,error,IBM-DOS V-7.0 -H- ERROR Messages
ps-2.kev009.com,eprmhtml/eprmx/12477.htm,49371,.htm,error,IBM-DOS V-7.0 -I- ERROR Messages
ps-2.kev009.com,eprmhtml/eprmx/12478.htm,2888,.htm,error,IBM-DOS V-7.0 -K- ERROR Messages
ps-2.kev009.com,eprmhtml/eprmx/12479.htm,7724,.htm,error,IBM-DOS V-7.0 -L- ERROR Messages
ps-2.kev009.com,eprmhtml/eprmx/12480.htm,7639,.htm,error,IBM-DOS V-7.0 -M- ERROR Messages
ps-2.kev009.com,eprmhtml/eprmx/12481.htm,28551,.htm,error,IBM-DOS V-7.0 -N- ERROR Messages
ps-2.kev009.com,eprmhtml/eprmx/12482.htm,8184,.htm,error,IBM-DOS V-7.0 -O- ERROR Messages
ps-2.kev009.com,eprmhtml/eprmx/12483.htm,19722,.htm,error,IBM-DOS V-7.0 -P- ERROR Messages
ps-2.kev009.com,eprmhtml/eprmx/12484.htm,15806,.htm,error,IBM-DOS V-7.0 -R- ERROR Messages
ps-2.kev009.com,eprmhtml/eprmx/12485.htm,21783,.htm,error,IBM-DOS V-7.0 -S- ERROR Messages
ps-2.kev009.com,eprmhtml/eprmx/12486.htm,22680,.htm,error,IBM-DOS V-7.0 -T- ERROR Messages
ps-2.kev009.com,eprmhtml/eprmx/12487.htm,13735,.htm,error,IBM-DOS V-7.0 -U- ERROR Messages
ps-2.kev009.com,eprmhtml/eprmx/12488.htm,2757,.htm,error,IBM-DOS V-7.0 -V- ERROR Messages
ps-2.kev009.com,eprmhtml/eprmx/12489.htm,8731,.htm,error,IBM-DOS V-7.0 -W- ERROR Messages
ps-2.kev009.com,eprmhtml/eprmx/12490.htm,2440,.htm,error,IBM-DOS V-7.0 -Y- ERROR Messages
ps-2.kev009.com,eprmhtml/eprmx/h12232.htm,297,.htm,error,OS/2 Trap Error Codes
ps-2.kev009.com,eprmhtml/eprmx/h12233.htm,300,.htm,error,Internal DOS Error Codes
ps-2.kev009.com,eprmhtml/eprmx/h12235.htm,307,.htm,error,ValuePoint error/solution fixes
ps-2.kev009.com,eprmhtml/eprmx/h12249.htm,316,.htm,error,162/163 error after configuration change
ps-2.kev009.com,eprmhtml/eprmx/h12250.htm,310,.htm,error,162/163 error during next power on
ps-2.kev009.com,eprmhtml/eprmx/h12252.htm,326,.htm,error,A system hang or parity error when booting Windows
ps-2.kev009.com,eprmhtml/eprmx/h12262.htm,332,.htm,error,Token Ring 16/4 adapter II (P/N 03f0215) hang/test error
ps-2.kev009.com,eprmhtml/eprmx/h12266.htm,315,.htm,error,Data integrity error and 340MB harddisk
ps-2.kev009.com,eprmhtml/eprmx/h12267.htm,323,.htm,error,Error message .. 32 bit access is not supported
ps-2.kev009.com,eprmhtml/eprmx/h12277.htm,298,.htm,error,1712 error during test
ps-2.kev009.com,eprmhtml/eprmx/h12283.htm,293,.htm,not found,Adapter not found
ps-2.kev009.com,eprmhtml/eprmx/h12290.htm,314,.htm,error,"POST error code 161, 162, 163 on 425sx"
ps-2.kev009.com,eprmhtml/eprmx/h12319.htm,312,.htm,error,P60/d floppy read error / Windows nt
ps-2.kev009.com,eprmhtml/eprmx/h12339.htm,301,.htm,error,588 error during diagnose
ps-2.kev009.com,eprmhtml/eprmx/h12343.htm,307,.htm,error,Ethernet adapter TRAP 00E error
ps-2.kev009.com,eprmhtml/eprmx/h12348.htm,296,.htm,error,Diagnostic error 105
ps-2.kev009.com,eprmhtml/eprmx/h12375.htm,312,.htm,error,Wide Area connector / diagnose error
ps-2.kev009.com,eprmhtml/eprmx/h12408.htm,302,.htm,error,ECA 021 - 8570 - 110 error
ps-2.kev009.com,eprmhtml/eprmx/h12410.htm,295,.htm,error,ECA 024 - 113 error
ps-2.kev009.com,eprmhtml/eprmx/h12421.htm,315,.htm,error,ECA 039 - 30-286 RIPL (resume) F1 error
ps-2.kev009.com,eprmhtml/eprmx/h12444.htm,306,.htm,error,ECA 069 - 162 + 601 POST error
ps-2.kev009.com,eprmhtml/eprmx/h12462.htm,318,.htm,error,PCI bus parity checking and error handling
ps-2.kev009.com,eprmhtml/eprmx/h12467.htm,306,.htm,error,IBM-DOS V-7.0 - ERROR Messages
ps-2.kev009.com,eprmhtml/eprmx/h12469.htm,308,.htm,error,IBM-DOS V-7.0 -A- ERROR Messages
ps-2.kev009.com,eprmhtml/eprmx/h12470.htm,308,.htm,error,IBM-DOS V-7.0 -B- ERROR Messages
ps-2.kev009.com,eprmhtml/eprmx/h12471.htm,308,.htm,error,IBM-DOS V-7.0 -C- ERROR Messages
ps-2.kev009.com,eprmhtml/eprmx/h12472.htm,308,.htm,error,IBM-DOS V-7.0 -D- ERROR Messages
ps-2.kev009.com,eprmhtml/eprmx/h12473.htm,308,.htm,error,IBM-DOS V-7.0 -E- ERROR Messages
ps-2.kev009.com,eprmhtml/eprmx/h12474.htm,308,.htm,error,IBM-DOS V-7.0 -F- ERROR Messages
ps-2.kev009.com,eprmhtml/eprmx/h12475.htm,308,.htm,error,IBM-DOS V-7.0 -G- ERROR Messages
ps-2.kev009.com,eprmhtml/eprmx/h12476.htm,308,.htm,error,IBM-DOS V-7.0 -H- ERROR Messages
ps-2.kev009.com,eprmhtml/eprmx/h12477.htm,308,.htm,error,IBM-DOS V-7.0 -I- ERROR Messages
ps-2.kev009.com,eprmhtml/eprmx/h12478.htm,308,.htm,error,IBM-DOS V-7.0 -K- ERROR Messages
ps-2.kev009.com,eprmhtml/eprmx/h12479.htm,308,.htm,error,IBM-DOS V-7.0 -L- ERROR Messages
ps-2.kev009.com,eprmhtml/eprmx/h12480.htm,308,.htm,error,IBM-DOS V-7.0 -M- ERROR Messages
ps-2.kev009.com,eprmhtml/eprmx/h12481.htm,308,.htm,error,IBM-DOS V-7.0 -N- ERROR Messages
ps-2.kev009.com,eprmhtml/eprmx/h12482.htm,308,.htm,error,IBM-DOS V-7.0 -O- ERROR Messages
ps-2.kev009.com,eprmhtml/eprmx/h12483.htm,308,.htm,error,IBM-DOS V-7.0 -P- ERROR Messages
ps-2.kev009.com,eprmhtml/eprmx/h12484.htm,308,.htm,error,IBM-DOS V-7.0 -R- ERROR Messages
ps-2.kev009.com,eprmhtml/eprmx/h12485.htm,308,.htm,error,IBM-DOS V-7.0 -S- ERROR Messages
ps-2.kev009.com,eprmhtml/eprmx/h12486.htm,308,.htm,error,IBM-DOS V-7.0 -T- ERROR Messages
ps-2.kev009.com,eprmhtml/eprmx/h12487.htm,308,.htm,error,IBM-DOS V-7.0 -U- ERROR Messages
ps-2.kev009.com,eprmhtml/eprmx/h12488.htm,308,.htm,error,IBM-DOS V-7.0 -V- ERROR Messages
ps-2.kev009.com,eprmhtml/eprmx/h12489.htm,308,.htm,error,IBM-DOS V-7.0 -W- ERROR Messages
ps-2.kev009.com,eprmhtml/eprmx/h12490.htm,308,.htm,error,IBM-DOS V-7.0 -Y- ERROR Messages
ps-2.kev009.com,eprmhtml/eprxa/12802.htm,4309,.htm,error,9595 or 8641 with VPD Error (187 &amp; 188) Continuous Loop
ps-2.kev009.com,eprmhtml/eprxa/12846.htm,5412,.htm,error,NETFINITY 3500&#58; EMC CLIP REMOVAL TO FIX FLOPPY DRIVE ERROR
ps-2.kev009.com,eprmhtml/eprxa/12898.htm,55411,.htm,error,POST ERROR codes for SERVERAID and SERVRAID II controllers
ps-2.kev009.com,eprmhtml/eprxa/12903.htm,4457,.htm,not found,"SCSI BIOS Error&#58; ""SCSI Termination NOT FOUND"""
ps-2.kev009.com,eprmhtml/eprxa/12943.htm,3913,.htm,error,SYSTEM HANGS using PREFORMATTED DISKETTE for ERROR LOGGING
ps-2.kev009.com,eprmhtml/eprxa/12944.htm,3791,.htm,error,NETFINITY 5500 M10&#58; ERROR LED RESET to OFF
ps-2.kev009.com,eprmhtml/eprxa/12946.htm,4455,.htm,error,UNABLE to UPDATE SERVICE PROCESSOR / POST ERROR 01299181
ps-2.kev009.com,eprmhtml/eprxa/12949.htm,3904,.htm,error,NETFINITY 5000&#58; VRM ERROR - SYSTEM HELD in STANDBY MODE
ps-2.kev009.com,eprmhtml/eprxa/12977.htm,4235,.htm,error,NETFINITY'S ASM DIMM information DISPLAY ERROR
ps-2.kev009.com,eprmhtml/eprxa/12983.htm,4676,.htm,error,FALSE ERROR MESSAGE when RESTARTING SERVICE PROCESSOR
ps-2.kev009.com,eprmhtml/eprxa/12995.htm,6582,.htm,error,174 POST ERROR and MICROPROCESSOR ERROR in DIAGNOSTIC
ps-2.kev009.com,eprmhtml/eprxa/12997.htm,5283,.htm,error,I386 ERROR INSTALLING NETWORK ADAPTERS under WINDOWS NT
ps-2.kev009.com,eprmhtml/eprxa/13009.htm,6256,.htm,error,FDD ERROR OCCURS IF BOTH SERVERAID &amp; ADAPTEC INSTALLED
ps-2.kev009.com,eprmhtml/eprxa/13040.htm,6748,.htm,error,ERROR DURING INSTALLATION OF SERVERAID CLUSTER SOLUTION
ps-2.kev009.com,eprmhtml/eprxa/13047.htm,5881,.htm,error,"POST ERROR ""01299110 CPU X HAS AN INVALID SERIAL NUMBER"""
ps-2.kev009.com,eprmhtml/eprxa/13089.htm,6348,.htm,error,OS/2 SMP 4.0&#58; SYS1919 ERROR WHEN INSTALLING FROM SERVERGUIDE
ps-2.kev009.com,eprmhtml/eprxa/13110.htm,5138,.htm,error,NETFINITY 1000/3000&#58; PCI ERROR CAUSED BY ADDING ISA ADAPTER
ps-2.kev009.com,eprmhtml/eprxa/13112.htm,5936,.htm,error,"POST ERRORS, VPD AND 1601 SERVICE PROCESSOR ERROR"
ps-2.kev009.com,eprmhtml/eprxa/13122.htm,5658,.htm,error,1805 POST ERROR WITH NETFINITY 10/100 ETHERNET ADAPTER 2
ps-2.kev009.com,eprmhtml/eprxa/13189.htm,7935,.htm,error,SERVERAID&#58; BATTERY BACKUP WRITE CACHE ERROR
ps-2.kev009.com,eprmhtml/eprxa/13194.htm,4258,.htm,error,NETFINITY 5600&#58; CPU REPLACEMENT RESULTS IN NO VIDEO OR ERROR
ps-2.kev009.com,eprmhtml/eprxa/h12802.htm,335,.htm,error,9595 or 8641 with VPD Error (187 &amp; 188) Continuous Loop
ps-2.kev009.com,eprmhtml/eprxa/h12846.htm,338,.htm,error,NETFINITY 3500&#58; EMC CLIP REMOVAL TO FIX FLOPPY DRIVE ERROR
ps-2.kev009.com,eprmhtml/eprxa/h12898.htm,334,.htm,error,POST ERROR codes for SERVERAID and SERVRAID II controllers
ps-2.kev009.com,eprmhtml/eprxa/h12903.htm,325,.htm,not found,"SCSI BIOS Error&#58; ""SCSI Termination NOT FOUND"""
ps-2.kev009.com,eprmhtml/eprxa/h12943.htm,334,.htm,error,SYSTEM HANGS using PREFORMATTED DISKETTE for ERROR LOGGING
ps-2.kev009.com,eprmhtml/eprxa/h12944.htm,322,.htm,error,NETFINITY 5500 M10&#58; ERROR LED RESET to OFF
ps-2.kev009.com,eprmhtml/eprxa/h12946.htm,332,.htm,error,UNABLE to UPDATE SERVICE PROCESSOR / POST ERROR 01299181
ps-2.kev009.com,eprmhtml/eprxa/h12949.htm,335,.htm,error,NETFINITY 5000&#58; VRM ERROR - SYSTEM HELD in STANDBY MODE
ps-2.kev009.com,eprmhtml/eprxa/h12977.htm,322,.htm,error,NETFINITY'S ASM DIMM information DISPLAY ERROR
ps-2.kev009.com,eprmhtml/eprxa/h12983.htm,329,.htm,error,FALSE ERROR MESSAGE when RESTARTING SERVICE PROCESSOR
ps-2.kev009.com,eprmhtml/eprxa/h12995.htm,329,.htm,error,174 POST ERROR and MICROPROCESSOR ERROR in DIAGNOSTIC
ps-2.kev009.com,eprmhtml/eprxa/h12997.htm,331,.htm,error,I386 ERROR INSTALLING NETWORK ADAPTERS under WINDOWS NT
ps-2.kev009.com,eprmhtml/eprxa/h13009.htm,334,.htm,error,FDD ERROR OCCURS IF BOTH SERVERAID &amp; ADAPTEC INSTALLED
ps-2.kev009.com,eprmhtml/eprxa/h13040.htm,331,.htm,error,ERROR DURING INSTALLATION OF SERVERAID CLUSTER SOLUTION
ps-2.kev009.com,eprmhtml/eprxa/h13047.htm,332,.htm,error,"POST ERROR ""01299110 CPU X HAS AN INVALID SERIAL NUMBER"""
ps-2.kev009.com,eprmhtml/eprxa/h13089.htm,340,.htm,error,OS/2 SMP 4.0&#58; SYS1919 ERROR WHEN INSTALLING FROM SERVERGUIDE
ps-2.kev009.com,eprmhtml/eprxa/h13110.htm,339,.htm,error,NETFINITY 1000/3000&#58; PCI ERROR CAUSED BY ADDING ISA ADAPTER
ps-2.kev009.com,eprmhtml/eprxa/h13112.htm,325,.htm,error,"POST ERRORS, VPD AND 1601 SERVICE PROCESSOR ERROR"
ps-2.kev009.com,eprmhtml/eprxa/h13122.htm,332,.htm,error,1805 POST ERROR WITH NETFINITY 10/100 ETHERNET ADAPTER 2
ps-2.kev009.com,eprmhtml/eprxa/h13189.htm,323,.htm,error,SERVERAID&#58; BATTERY BACKUP WRITE CACHE ERROR
ps-2.kev009.com,eprmhtml/eprxa/h13194.htm,340,.htm,error,NETFINITY 5600&#58; CPU REPLACEMENT RESULTS IN NO VIDEO OR ERROR
ps-2.kev009.com,mcamafia/mcapage0/error_01.htm,7411,.htm,error,The Error Codes 100 - 159
ps-2.kev009.com,mcamafia/mcapage0/error_02.htm,7110,.htm,error,The Error Codes 160 - 199
ps-2.kev009.com,mcamafia/mcapage0/error_03.htm,5005,.htm,error,The Error Codes 200 - 299
ps-2.kev009.com,mcamafia/mcapage0/error_04.htm,4746,.htm,error,The Error Codes 300 - 999
ps-2.kev009.com,mcamafia/mcapage0/error_05.htm,4672,.htm,error,The Error Codes 1000 - 1499
ps-2.kev009.com,mcamafia/mcapage0/error_06.htm,3801,.htm,error,The Error Codes 1500 - 2999
ps-2.kev009.com,mcamafia/mcapage0/error_07.htm,5022,.htm,error,The Error Codes 3000 - 9999
ps-2.kev009.com,mcamafia/mcapage0/error_08.htm,8583,.htm,error,The Error Codes 10000 - 11999
ps-2.kev009.com,mcamafia/mcapage0/error_09.htm,5919,.htm,error,The Error Codes 12000 - 14999
ps-2.kev009.com,mcamafia/mcapage0/error_10.htm,3595,.htm,error,The Error Codes 15000 - 19999
ps-2.kev009.com,mcamafia/mcapage0/error_11.htm,12698,.htm,error,The Error Codes 20000 - 29999
ps-2.kev009.com,mcamafia/mcapage0/ps2error.htm,5344,.htm,error,The Error Codes Page (Introduction)
ps-2.kev009.com,ohland-old/8642/8642_Corollary_Error_Codes.html,18717,.html,error,8642 Corollary Error Codes
ps-2.kev009.com,ohland-old/8642/8642_Error_Codes.html,5033,.html,error,8642 Error Codes
ps-2.kev009.com,ohland-old/8642/8642_PCI_Error_Codes.html,6853,.html,error,8642 PCI Error Codes
ps-2.kev009.com,ohland-old/config/memory_error_correct.html,22388,.html,error,Memory Error Correction
ps-2.kev009.com,ohland-old/errors/Error_Audio.html,2729,.html,error,Error Audio
ps-2.kev009.com,ohland-old/errors/Error_Beep_Codes.html,3979,.html,error,Error Beep Codes
ps-2.kev009.com,ohland-old/errors/error_01.htm,8063,.htm,error,The Error Codes 100 - 159
ps-2.kev009.com,ohland-old/errors/error_02.htm,8748,.htm,error,The Error Codes 160 - 199
ps-2.kev009.com,ohland-old/errors/error_03.htm,5336,.htm,error,The Error Codes 200 - 299
ps-2.kev009.com,ohland-old/errors/error_04.htm,4762,.htm,error,The Error Codes 300 - 999
ps-2.kev009.com,ohland-old/errors/error_05.htm,4658,.htm,error,The Error Codes 1000 - 1499
ps-2.kev009.com,ohland-old/errors/error_06.htm,3956,.htm,error,The Error Codes 1500 - 2999
ps-2.kev009.com,ohland-old/errors/error_07.htm,4949,.htm,error,The Error Codes 3000 - 9999
ps-2.kev009.com,ohland-old/errors/error_08.html,8422,.html,error,The Error Codes 10000 - 11999
ps-2.kev009.com,ohland-old/errors/error_09.htm,3565,.htm,error,The Error Codes 15000 - 19999
ps-2.kev009.com,ohland-old/errors/error_09.html,5997,.html,error,The Error Codes 12000 - 14999
ps-2.kev009.com,ohland-old/errors/error_10.htm,12021,.htm,error,The Error Codes 20000 - 29999
ps-2.kev009.com,ohland-old/errors/ps2error.htm,11259,.htm,error,The Error Codes Page (Introduction)
ps-2.kev009.com,ohlandl/trouble/118_Error_Code.html,10188,.html,error,118 Error Code
ps-2.kev009.com,ohlandl/trouble/ps2error.html,19903,.html,error,PS/2 Error Codes
ps-2.kev009.com,p390/PC Server 500 - Error codes.htm,24377,.htm,error,PC Server 500 - Error codes
ps-2.kev009.com,p390/PC Server 500 - Error reporting (S-390).htm,23820,.htm,error,PC Server 500 - Error reporting (S/390)
ps-2.kev009.com,pcpartnerinfo/ctstips/100da.htm,2234,.htm,error,PCServer704 - SMP error: Remote node or domain controller unavailable
ps-2.kev009.com,pcpartnerinfo/ctstips/10102.htm,6384,.htm,error,DualStor Internal Tape Backup Unit - SYS3175 error with DualStor for OS2
ps-2.kev009.com,pcpartnerinfo/ctstips/1026a.htm,2740,.htm,error,PC Server 315 - Hard Disk Drive Boot Error
ps-2.kev009.com,pcpartnerinfo/ctstips/1029a.htm,19672,.htm,error,PC Server 500 - SCSI error code format
ps-2.kev009.com,pcpartnerinfo/ctstips/103a6.htm,2953,.htm,error,IBM PC330/PC350 - Incorrect speed marked on 60ns DIMMs (label error)
ps-2.kev009.com,pcpartnerinfo/ctstips/103d6.htm,8495,.htm,error,TP General - N51 Numeric Error Codes
ps-2.kev009.com,pcpartnerinfo/ctstips/1047e.htm,2344,.htm,error,IBM PC330/PC350 - Divide by 0 error opening Microsoft Word file
ps-2.kev009.com,pcpartnerinfo/ctstips/1049e.htm,3085,.htm,error,6553 Monitors - 2401 POST error with DDC enabled
ps-2.kev009.com,pcpartnerinfo/ctstips/104ea.htm,2557,.htm,error,Internal TR3 1.6/3.2GB Tape Drive - &quot;Unable to transmit data to drive&quot; error
ps-2.kev009.com,pcpartnerinfo/ctstips/10556.htm,3640,.htm,error,Aptiva/IBM IntelliStation/IBM PC - Understanding OS/2 Error Messages
ps-2.kev009.com,pcpartnerinfo/ctstips/1056e.htm,3643,.htm,error,IBM PC330/PC350 - Trap000E or XMS memory error
ps-2.kev009.com,pcpartnerinfo/ctstips/1066e.htm,11459,.htm,error,PC Server 520 - Error codes
ps-2.kev009.com,pcpartnerinfo/ctstips/1071a.htm,3703,.htm,error,"TP 770 - Page fault, illegal operation, or invalid region error messages when playing DVD movies"
ps-2.kev009.com,pcpartnerinfo/ctstips/10872.htm,2863,.htm,error,Aptiva - No Active Mixer Device error for Mwave systems
ps-2.kev009.com,pcpartnerinfo/ctstips/108ba.htm,3981,.htm,error,TP 380Z - Event Viewer error message in Windows NT after initializing BIOS
ps-2.kev009.com,pcpartnerinfo/ctstips/108e6.htm,3026,.htm,error,Aptiva - 2163/2164 Considerations - Sound Recorder error in Finnish preload
ps-2.kev009.com,pcpartnerinfo/ctstips/109d6.htm,2555,.htm,error,TP 770E/ED - POST 161/163/173 error at bootup
ps-2.kev009.com,pcpartnerinfo/ctstips/10a2e.htm,5351,.htm,error,TP 570 - Numeric error codes
ps-2.kev009.com,pcpartnerinfo/ctstips/10a8a.htm,2063,.htm,error,Aptiva - 2156 shows 162 error on boot
ps-2.kev009.com,pcpartnerinfo/ctstips/10ab2.htm,9327,.htm,error,Netfinity 1000 - POST Error codes
ps-2.kev009.com,pcpartnerinfo/ctstips/10c26.htm,6133,.htm,error,IBM IntelliStation E Pro (Type 6893) - ECA023 - 161 POST error
ps-2.kev009.com,pcpartnerinfo/ctstips/10c42.htm,3346,.htm,error,"TP 600,770 - After configuring Novell Groupwise preferences, the system displays a &quot;Modem Internal Error&"
ps-2.kev009.com,pcpartnerinfo/ctstips/10c66.htm,2200,.htm,error,Aptiva - Error with MFC42.DLL after installing HP Bonus software
ps-2.kev009.com,pcpartnerinfo/ctstips/10d6a.htm,4624,.htm,error,Netfinity 7000 M10 - POST error &quot;01299110 CPU X has an invalid serial number&quot;
ps-2.kev009.com,pcpartnerinfo/ctstips/10e16.htm,3158,.htm,error,TP 570 - Error messages
ps-2.kev009.com,pcpartnerinfo/ctstips/10fee.htm,2270,.htm,error,Network Station - Java Script Error 500
ps-2.kev009.com,pcpartnerinfo/ctstips/1110a.htm,4036,.htm,error,Clustering - Error during installation of ServeRAID Cluster Solution
ps-2.kev009.com,pcpartnerinfo/ctstips/2142.htm,12903,.htm,error,Netfinity 5500 M10 - POST Error Codes
ps-2.kev009.com,pcpartnerinfo/ctstips/2216.htm,2136,.htm,error,TP 765 - Battchk error on boot after installing ThinkPad features
ps-2.kev009.com,pcpartnerinfo/ctstips/22e2.htm,3797,.htm,error,IBM PS/2 - 8556 and 8557 display 161 battery error
ps-2.kev009.com,pcpartnerinfo/ctstips/2346.htm,3485,.htm,error,IBM PC - Central Point Backup for Windows application error
ps-2.kev009.com,pcpartnerinfo/ctstips/237a.htm,3332,.htm,error,Aptiva - 2462 Error Message and P24T Processor Upgrades
ps-2.kev009.com,pcpartnerinfo/ctstips/2456.htm,3419,.htm,error,IBM PS/2/Servers - 166 POST error with IBM ServerGuard adapter
ps-2.kev009.com,pcpartnerinfo/ctstips/249a.htm,3091,.htm,error,Aptiva - 2158/2163/2164 Considerations - &quot;Illegal operation&quot; error message shows up during Windows 9
ps-2.kev009.com,pcpartnerinfo/ctstips/24be.htm,2140,.htm,error,PC Server 500 - Error messages
ps-2.kev009.com,pcpartnerinfo/ctstips/24fa.htm,2443,.htm,error,Aptiva - 2161 POST Error History Program
ps-2.kev009.com,pcpartnerinfo/ctstips/2502.htm,17174,.htm,error,PC Server 315 - Error Messages
ps-2.kev009.com,pcpartnerinfo/ctstips/251a.htm,3419,.htm,error,TP 600 - False 192 POST error when CMOS battery is dead or removed
ps-2.kev009.com,pcpartnerinfo/ctstips/252a.htm,6458,.htm,error,IBM PS/2 - Internal processing error during install of OS/2
ps-2.kev009.com,pcpartnerinfo/ctstips/2572.htm,10518,.htm,error,Netfinity 7000 M10 - Diagnostic Error Codes
ps-2.kev009.com,pcpartnerinfo/ctstips/258a.htm,4639,.htm,error,IBM ValuePoint - 12902 POST error with Pentium Overdrive (P24T) upgrade
ps-2.kev009.com,pcpartnerinfo/ctstips/25a2.htm,2273,.htm,error,56K/33.6K Plug and Play ISA Modem - Error 1825 on POST
ps-2.kev009.com,pcpartnerinfo/ctstips/269e.htm,2532,.htm,error,Aptiva - Sony Music Sampler should be played in 8-bit color error
ps-2.kev009.com,pcpartnerinfo/ctstips/271a.htm,2250,.htm,error,28.8K PCMCIA International Data/Fax Modem - Error: &quot;No dial out&quot;
ps-2.kev009.com,pcpartnerinfo/ctstips/274a.htm,4037,.htm,error,Aptiva - Mwave OS/2 Fix Available for Trap Error when exiting WIN-OS/2 Session
ps-2.kev009.com,pcpartnerinfo/ctstips/27aa.htm,2575,.htm,error,56K PC Card Modem/Cellular Capable - Getting &quot;Modem failed to respond&quot; error in Windows 95
ps-2.kev009.com,pcpartnerinfo/ctstips/27c2.htm,2570,.htm,error,IBM PC365 - SYS3175 error using system information tool in OS/2 Warp Server
ps-2.kev009.com,pcpartnerinfo/ctstips/27f6.htm,4090,.htm,error,"IBM PC300PL (Type 6562, 6592) - 187 POST error (HelpCenter/Servicer only)"
ps-2.kev009.com,pcpartnerinfo/ctstips/286e.htm,8690,.htm,error,TP 770 - Numeric Error Codes
ps-2.kev009.com,pcpartnerinfo/ctstips/28ba.htm,2398,.htm,error,IBM IntelliStation Z Pro - Illegal operation error in QAPLUS/Windows 95
ps-2.kev009.com,pcpartnerinfo/ctstips/29d2.htm,6870,.htm,error,Netfinity 5500 - ServeRAID II Controller Error Codes / Messages
ps-2.kev009.com,pcpartnerinfo/ctstips/29fe.htm,2341,.htm,error,PC Server 320 - Exception 6 error running EISA configuration program
ps-2.kev009.com,pcpartnerinfo/ctstips/2a02.htm,5292,.htm,error,Netfinity 5500 M10 - Control Panel System Error LED
ps-2.kev009.com,pcpartnerinfo/ctstips/2a2e.htm,3746,.htm,error,IBM PC Server/IBM PS/2 - 162 post error after booting from the fixed disk
ps-2.kev009.com,pcpartnerinfo/ctstips/2b9e.htm,45398,.htm,error,"Aptiva - 2140/2142 Diagnostics - Index for symptoms, messages, error codes or beeps"
ps-2.kev009.com,pcpartnerinfo/ctstips/2c32.htm,4414,.htm,error,IBM PS/2 - 187 Error After Auto-configuration
ps-2.kev009.com,pcpartnerinfo/ctstips/2d56.htm,2867,.htm,error,Aptiva - IC Phone cannot connect to server selected error
ps-2.kev009.com,pcpartnerinfo/ctstips/2ece.htm,5730,.htm,error,PC Server 720 - PCI error format / codes / messages
ps-2.kev009.com,pcpartnerinfo/ctstips/2ede.htm,2740,.htm,error,IBM PC300PL - Intermittent false C-2 security error messages
ps-2.kev009.com,pcpartnerinfo/ctstips/2f46.htm,4052,.htm,error,Aptiva - Error Message: Dictionary Not Valid
ps-2.kev009.com,pcpartnerinfo/ctstips/2fae.htm,4367,.htm,error,Aptiva - Parity check error
ps-2.kev009.com,pcpartnerinfo/ctstips/2fb6.htm,5417,.htm,error,"Servers/PS/2 - I9990303 error, system partition boot failure"
ps-2.kev009.com,pcpartnerinfo/ctstips/3032.htm,28091,.htm,error,"Aptiva - 2158/2163/2164 Diagnostics - Index of symptoms, error codes, messages, and beeps"
ps-2.kev009.com,pcpartnerinfo/ctstips/311a.htm,2814,.htm,error,IBM PS/2 - 102 or 225 error on 8570 with 486 upgrade installed
ps-2.kev009.com,pcpartnerinfo/ctstips/315a.htm,2414,.htm,error,IBM ValuePoint - POST 301 error
ps-2.kev009.com,pcpartnerinfo/ctstips/31c6.htm,8357,.htm,error,Aptiva - CT error summary/errors when trying to connect to Prodigy
ps-2.kev009.com,pcpartnerinfo/ctstips/31f2.htm,4782,.htm,error,Aptiva - Update Connector on my Aptiva is giving a run time error 367
ps-2.kev009.com,pcpartnerinfo/ctstips/321a.htm,3636,.htm,error,IBM IntelliStation Z Pro/IBM PC - Error/unable to initialize modem in OS/2
ps-2.kev009.com,pcpartnerinfo/ctstips/32be.htm,14923,.htm,error,Aptiva - List of common configuration Error Codes
ps-2.kev009.com,pcpartnerinfo/ctstips/330a.htm,2925,.htm,error,"IBM PC300GL (Type 6267, 6277, 6287) - Blue screen error after formatting 720K diskette"
ps-2.kev009.com,pcpartnerinfo/ctstips/3332.htm,3071,.htm,error,TP 760CD/ED - Video Overlay Driver error message when trying to play MPEG files
ps-2.kev009.com,pcpartnerinfo/ctstips/33ca.htm,3354,.htm,not found,IBM PC330/PC350 - 3278/9 adapter not found or 28xx diagnostics error
ps-2.kev009.com,pcpartnerinfo/ctstips/340a.htm,2848,.htm,error,IBM IntelliStation M Pro (Type 6898) - Error installing IBM Utilities in retail Windows NT 4.0
ps-2.kev009.com,pcpartnerinfo/ctstips/349e.htm,2384,.htm,error,Aptiva - 2163 ddhelp error on shutdown
ps-2.kev009.com,pcpartnerinfo/ctstips/34a2.htm,1776,.htm,error,PC Server 300 - Error Codes
ps-2.kev009.com,pcpartnerinfo/ctstips/34ce.htm,2188,.htm,error,Aptiva - 2161/2162 Caesar II Integer Divide by 0 error
ps-2.kev009.com,pcpartnerinfo/ctstips/34de.htm,4620,.htm,error,Servers - APC Smart-UPS battery calibration error
ps-2.kev009.com,pcpartnerinfo/ctstips/3502.htm,6529,.htm,error,Aptiva - Configuration error messages after powering up
ps-2.kev009.com,pcpartnerinfo/ctstips/3526.htm,3544,.htm,error,IBM PC730/PC750 - Wake on LAN feature halts at mouse error message
ps-2.kev009.com,pcpartnerinfo/ctstips/3536.htm,3736,.htm,error,PC Server 300 - Error 020860FU 61EI during system boot
ps-2.kev009.com,pcpartnerinfo/ctstips/36b2.htm,2840,.htm,error,TP General - Windows 95 &quot;Language Not Available&quot; Error during Boot
ps-2.kev009.com,pcpartnerinfo/ctstips/36be.htm,2459,.htm,error,"TP General - TranXit, error message when opening icon"
ps-2.kev009.com,pcpartnerinfo/ctstips/36c6.htm,2919,.htm,error,IBM PC - SYS3175 error in module SPOOSU.DLL during restore using Seagate Sytos Premium for OS/2
ps-2.kev009.com,pcpartnerinfo/ctstips/378a.htm,2942,.htm,error,TP 600 - Audio stutter during playback of AVI files or I9990301 error on boot up
ps-2.kev009.com,pcpartnerinfo/ctstips/3822.htm,3326,.htm,error,PC Server 310 - Error Messages Overview
ps-2.kev009.com,pcpartnerinfo/ctstips/3846.htm,2280,.htm,error,TP 560X - How to use error messages
ps-2.kev009.com,pcpartnerinfo/ctstips/3886.htm,4704,.htm,error,Aptiva - Error message when running Aptiva Adventure on French Aptivas
ps-2.kev009.com,pcpartnerinfo/ctstips/38c2.htm,8428,.htm,error,Aptiva - Windows 95 has disabled Direct Disk Access error message
ps-2.kev009.com,pcpartnerinfo/ctstips/38ea.htm,2634,.htm,error,Servers - Stop error during notes replica operation on SPX
ps-2.kev009.com,pcpartnerinfo/ctstips/393e.htm,3051,.htm,error,"IBM PC300PL (Type 6562, 6592) - 187 POST error"
ps-2.kev009.com,pcpartnerinfo/ctstips/3952.htm,2190,.htm,error,PC Server 720 - Error messages
ps-2.kev009.com,pcpartnerinfo/ctstips/395a.htm,9422,.htm,error,TP 380Z - Numeric error codes
ps-2.kev009.com,pcpartnerinfo/ctstips/3982.htm,2985,.htm,error,IBM PS/2 - 9576/77 Error Code 01290xxx
ps-2.kev009.com,pcpartnerinfo/ctstips/39da.htm,3018,.htm,error,"IBM PC300GL (Type 6267, 6277, 6287) - Hard file timeout error logged in Windows NT Event Viewer"
ps-2.kev009.com,pcpartnerinfo/ctstips/39f6.htm,2539,.htm,error,Aptiva - 2144 Error loading disk driver WDCTLIBM.386
ps-2.kev009.com,pcpartnerinfo/ctstips/3a66.htm,4998,.htm,error,TP 765D/L - Diagnostic Error Codes
ps-2.kev009.com,pcpartnerinfo/ctstips/3aae.htm,10264,.htm,error,Netfinity 3500 - POST Error Codes
ps-2.kev009.com,pcpartnerinfo/ctstips/3c3a.htm,2716,.htm,error,Aptiva - 2144/2159/2168/2176 No dialtone error in CompuServe
ps-2.kev009.com,pcpartnerinfo/ctstips/3c66.htm,2281,.htm,error,"TP 760ED/XD,765D - MPEG-2 CD-I Movie causing runtime error in Windows NT 4.0"
ps-2.kev009.com,pcpartnerinfo/ctstips/3cd2.htm,2221,.htm,error,IBM PC/IBM IntelliStation - Miscellaneous error messages
ps-2.kev009.com,pcpartnerinfo/ctstips/3d66.htm,2368,.htm,error,IBM ValuePoint - DX4 PCI Trap 000E error occurs
ps-2.kev009.com,pcpartnerinfo/ctstips/3efe.htm,9209,.htm,error,Aptiva - General Disk Error during PC-DOS 7.0 bootup with Stacker compression
ps-2.kev009.com,pcpartnerinfo/ctstips/3f4e.htm,2513,.htm,error,Crossbrand - Windows 95 Internal Data Fax 14.4 Installation Error
ps-2.kev009.com,pcpartnerinfo/ctstips/3fee.htm,6671,.htm,error,"Server95/500 - VPD Loop, Error Code 187, 188, Continuous Loops"
ps-2.kev009.com,pcpartnerinfo/ctstips/405e.htm,6878,.htm,error,Netfinity 5500 M20 - Information panel system error LED
ps-2.kev009.com,pcpartnerinfo/ctstips/4072.htm,2388,.htm,error,Aptiva - False error message in registration
ps-2.kev009.com,pcpartnerinfo/ctstips/4096.htm,2733,.htm,error,Server95 - OS/2 trap error
ps-2.kev009.com,pcpartnerinfo/ctstips/410e.htm,2574,.htm,error,IBM PS/2 - &quot;IRQ 00 Not Being Serviced&quot; Errors In Error Log
ps-2.kev009.com,pcpartnerinfo/ctstips/42ba.htm,2543,.htm,error,TP 760 - Lotus Organizer and Share.exe error
ps-2.kev009.com,pcpartnerinfo/ctstips/434e.htm,3429,.htm,error,Aptiva - &quot;Not Enough Disk Space&quot; error after adding 2.5GB or larger hard drive and trying to restore
ps-2.kev009.com,pcpartnerinfo/ctstips/43d2.htm,7274,.htm,error,"TP 380,385 - Numeric error codes"
ps-2.kev009.com,pcpartnerinfo/ctstips/441a.htm,3498,.htm,error,Aptiva - Error Message: Page size too small
ps-2.kev009.com,pcpartnerinfo/ctstips/442a.htm,2754,.htm,error,"TP 380,385 - Netscape causes Trap/Hang error with Windows NT 4.0 installed"
ps-2.kev009.com,pcpartnerinfo/ctstips/4436.htm,29140,.htm,error,Aptiva - Mwave diagnostic error codes
ps-2.kev009.com,pcpartnerinfo/ctstips/448a.htm,2659,.htm,error,Aptiva - Error writing to LPT1 from Jack Nicklaus Golf game
ps-2.kev009.com,pcpartnerinfo/ctstips/4502.htm,2168,.htm,error,PC Server 330 - Using Windows NT RAS results in &quot;Error 614 - Out of Buffers&quot;
ps-2.kev009.com,pcpartnerinfo/ctstips/45a2.htm,30189,.htm,error,"Aptiva - 2144-S15 Diagnostics - Index of symptoms, messages, error codes, and beeps"
ps-2.kev009.com,pcpartnerinfo/ctstips/45ce.htm,2665,.htm,error,Network Station - NC Navigator: Saving bookmarks/options error
ps-2.kev009.com,pcpartnerinfo/ctstips/4612.htm,18077,.htm,error,PCServer330 - RAID POST Error Codes
ps-2.kev009.com,pcpartnerinfo/ctstips/4616.htm,2560,.htm,error,TP General - Shell32 error when clicking on PCMCIA icon in systray
ps-2.kev009.com,pcpartnerinfo/ctstips/467a.htm,3152,.htm,error,IBM PS/2 - False 11XX error while testing
ps-2.kev009.com,pcpartnerinfo/ctstips/4696.htm,2929,.htm,not found,IBM PC730/PC750 - Help topic not found in QAPlus/Win-Win
ps-2.kev009.com,pcpartnerinfo/ctstips/46ca.htm,3736,.htm,error,Netfinity 5500 M20 - Error Symptoms
ps-2.kev009.com,pcpartnerinfo/ctstips/4702.htm,2748,.htm,error,PC Server 500 - Machine Check Error Messages (S/390)
ps-2.kev009.com,pcpartnerinfo/ctstips/47aa.htm,2446,.htm,error,"Servers - OS/2 Warp Server 4.0, sys3175 installation error, and multiple CD-ROM drives"
ps-2.kev009.com,pcpartnerinfo/ctstips/48e2.htm,2318,.htm,error,TP 770/E/ED - Error message - DVD Drive not ready or drive empty
ps-2.kev009.com,pcpartnerinfo/ctstips/493a.htm,11897,.htm,error,Servers - POST error codes for ServeRAID and ServeRAID II controllers
ps-2.kev009.com,pcpartnerinfo/ctstips/4976.htm,52334,.htm,error,"Aptiva - 2134/2176 Diagnostics - Index of symptoms, messages, error codes, and beeps"
ps-2.kev009.com,pcpartnerinfo/ctstips/499a.htm,4808,.htm,error,PC Server 315 - Miscellaneous Error Messages
ps-2.kev009.com,pcpartnerinfo/ctstips/49fe.htm,141326,.htm,error,IBM PC and PS/2 - Error codes
ps-2.kev009.com,pcpartnerinfo/ctstips/4a1a.htm,2429,.htm,error,Color Flatbed Scanner - Error locating device when running Windows NT
ps-2.kev009.com,pcpartnerinfo/ctstips/4a36.htm,2481,.htm,error,Aptiva - 2144/2168 Error running Communication Center with large fonts
ps-2.kev009.com,pcpartnerinfo/ctstips/4a56.htm,5175,.htm,error,TP 710T - Numeric Error Codes
ps-2.kev009.com,pcpartnerinfo/ctstips/4ac2.htm,2302,.htm,error,TP 340/360 - Error doing set system identification
ps-2.kev009.com,pcpartnerinfo/ctstips/4b72.htm,3659,.htm,error,TP 510 - Numeric Error Codes
ps-2.kev009.com,pcpartnerinfo/ctstips/4c02.htm,3501,.htm,error,"TP 600E,770X - &quot;No valid drive/disc found!&quot; error when running DVDExpress"
ps-2.kev009.com,pcpartnerinfo/ctstips/4c6a.htm,30686,.htm,error,Aptiva - Remote Access Server (RAS) error codes
ps-2.kev009.com,pcpartnerinfo/ctstips/4cd6.htm,2509,.htm,error,PCServer720 - Error code EP:1043
ps-2.kev009.com,pcpartnerinfo/ctstips/4d72.htm,2776,.htm,error,"IBM PC300PL (Type 6562, 6592) - Error installing infrared PDA drivers from RTC CD"
ps-2.kev009.com,pcpartnerinfo/ctstips/4e0e.htm,3698,.htm,error,Error message &quot;Incorrect DOS Version&quot; appears during installation
ps-2.kev009.com,pcpartnerinfo/ctstips/4f02.htm,3839,.htm,error,"Aptiva - Error numbers 102 , 814 and 811 while running Aptiva Communication Center"
ps-2.kev009.com,pcpartnerinfo/ctstips/4fa6.htm,3455,.htm,error,Servers - ServeRAID adapter configuration error
ps-2.kev009.com,pcpartnerinfo/ctstips/4faa.htm,3401,.htm,error,IBM PC330/PC350 - &quot;RPL Halted&quot; error with IBM LAN Adapter for Ethernet
ps-2.kev009.com,pcpartnerinfo/ctstips/4fea.htm,19679,.htm,error,PC Server 720 - SCSI / non-SCSI error code format
ps-2.kev009.com,pcpartnerinfo/ctstips/50da.htm,4053,.htm,error,Aptiva - Windows 95 Help File index error (Canadian-French)
ps-2.kev009.com,pcpartnerinfo/ctstips/511a.htm,3939,.htm,error,IBM ValuePoint - 110 error/run-time error or stack underflow
ps-2.kev009.com,pcpartnerinfo/ctstips/5306.htm,5591,.htm,error,CrossBrand - IBM AntiVirus and Windows NT 4.0 error &quot;irpstacksize too small&quot;
ps-2.kev009.com,pcpartnerinfo/ctstips/559e.htm,26527,.htm,error,"Aptiva - 2156 Diagnostics - Index of symptoms, messages, error codes, and beeps"
ps-2.kev009.com,pcpartnerinfo/ctstips/55ba.htm,7194,.htm,error,Aptiva-PS/1 - I get an &quot;Error Reading Drive A:&quot; when I try to change to that drive.
ps-2.kev009.com,pcpartnerinfo/ctstips/56ce.htm,2717,.htm,error,"Netfinity 5000 - VRM error, system held in standby mode"
ps-2.kev009.com,pcpartnerinfo/ctstips/5702.htm,2557,.htm,error,"TP 700,720 - HMS Error"
ps-2.kev009.com,pcpartnerinfo/ctstips/5756.htm,2919,.htm,error,IBM IntelliStation/IBM PC - &quot;Required System Component Is Not Installed&quot; error message booting from 
ps-2.kev009.com,pcpartnerinfo/ctstips/578e.htm,3427,.htm,error,IBM PC730/PC750 - &quot;Serious Disk Error&quot; with Banyan Vines and Windows 3.1
ps-2.kev009.com,pcpartnerinfo/ctstips/57f2.htm,4360,.htm,error,IBM PS/2 - False XGA-2 error code 02581800 or 024318XX
ps-2.kev009.com,pcpartnerinfo/ctstips/58c6.htm,2648,.htm,error,IBM PC - Error running Communication Manager/2 1.11 with OS/2 Warp
ps-2.kev009.com,pcpartnerinfo/ctstips/591a.htm,2982,.htm,error,Aptiva - 2137-E26 Stack Overflow error
ps-2.kev009.com,pcpartnerinfo/ctstips/5a42.htm,4100,.htm,error,IBM PC730 - POST tampering error and administrator password
ps-2.kev009.com,pcpartnerinfo/ctstips/5a9e.htm,4753,.htm,error,IBM IntelliStation M Pro (Type 6889) - Windows 95 memory error booting with 1GB RAM
ps-2.kev009.com,pcpartnerinfo/ctstips/5b3a.htm,3062,.htm,error,PC Server 720 - Multiprocessor error indication
ps-2.kev009.com,pcpartnerinfo/ctstips/5bc6.htm,3583,.htm,error,IBM PC330/PC350 - Low memory resource error running Windows 3.1
ps-2.kev009.com,pcpartnerinfo/ctstips/5c86.htm,2649,.htm,error,"TP 380,385 - Error log explained"
ps-2.kev009.com,pcpartnerinfo/ctstips/5ca6.htm,4586,.htm,error,Aptiva - 2134/2176 - Fixes bad partition table error -Return Code of 5
ps-2.kev009.com,pcpartnerinfo/ctstips/5cae.htm,3307,.htm,error,Color Flatbed Scanner - &quot;Internal Error&quot; message received in Xerox Pagis SE
ps-2.kev009.com,pcpartnerinfo/ctstips/5cc2.htm,3346,.htm,error,IBM ValuePoint - System hang or operating system error
ps-2.kev009.com,pcpartnerinfo/ctstips/5d6a.htm,2346,.htm,error,Aptiva - 2134/2176 Start IM error on bootup into Windows 95
ps-2.kev009.com,pcpartnerinfo/ctstips/5ffa.htm,3681,.htm,error,TP 701 - Error writing to LPT1 in Windows 95
ps-2.kev009.com,pcpartnerinfo/ctstips/613a.htm,3364,.htm,error,IBM PC300GL - 167 POST error after Pentium II processor upgrade
ps-2.kev009.com,pcpartnerinfo/ctstips/614e.htm,2594,.htm,error,Aptiva - Error opening Aptiva Guide from Aptiva Helper
ps-2.kev009.com,pcpartnerinfo/ctstips/617a.htm,15948,.htm,error,Netfinity 5500 M20 - POST error codes
ps-2.kev009.com,pcpartnerinfo/ctstips/61fe.htm,4333,.htm,error,Aptiva - Error Message: Cannot Save Document
ps-2.kev009.com,pcpartnerinfo/ctstips/622a.htm,7890,.htm,error,Netfinity 5500 - Diagnostic Error Codes
ps-2.kev009.com,pcpartnerinfo/ctstips/62c6.htm,2530,.htm,error,TP General - Getting SSPCCRDX.VXD error when starting CardWizard
ps-2.kev009.com,pcpartnerinfo/ctstips/6382.htm,3699,.htm,error,IBM PC Server/IBM PS/2 - DMA timeout error (TRAP0002)
ps-2.kev009.com,pcpartnerinfo/ctstips/64a2.htm,2129,.htm,error,Aptiva - 21xx-6xP and 2144-16P 1791 Error Message
ps-2.kev009.com,pcpartnerinfo/ctstips/64be.htm,32175,.htm,error,"Aptiva - 2144/2168 (SL-F/H/I) Diagnostics - Index of Symptoms, Messages, Error Codes, Or Beeps"
ps-2.kev009.com,pcpartnerinfo/ctstips/6556.htm,2293,.htm,error,TP 1400 - Blue screen error during operation when using Samsung memory DIMM
ps-2.kev009.com,pcpartnerinfo/ctstips/674e.htm,11893,.htm,error,Netfinity 5000 - POST Error Codes
ps-2.kev009.com,pcpartnerinfo/ctstips/6772.htm,4917,.htm,error,Aptiva - IOS Error Fix Disk
ps-2.kev009.com,pcpartnerinfo/ctstips/677e.htm,2261,.htm,error,Aptiva - MWME0001 Mwave internal error using Ring Central
ps-2.kev009.com,pcpartnerinfo/ctstips/67c2.htm,4072,.htm,error,Netfinity 3500 - I386 error installing network adapters under Windows NT
ps-2.kev009.com,pcpartnerinfo/ctstips/67f6.htm,2419,.htm,error,Servers - PCI Hot Plug NT 4.0 Error Messages
ps-2.kev009.com,pcpartnerinfo/ctstips/68b2.htm,3075,.htm,error,IBM PC340 - False memory error with QAPlus/Win-Win
ps-2.kev009.com,pcpartnerinfo/ctstips/68ba.htm,2712,.htm,error,IBM PC330/PC350 - Error in NetView CID install of S3 drivers
ps-2.kev009.com,pcpartnerinfo/ctstips/690e.htm,3127,.htm,error,"TP 380,385,560X/Z,600,770/E/ED/X/Z - Receiving audio driver error in config.sys when booting to MS-DOS mode"
ps-2.kev009.com,pcpartnerinfo/ctstips/6a2a.htm,5428,.htm,error,Aptiva - Updated Aptiva modem drivers (&quot;Open Com Port&quot; error)
ps-2.kev009.com,pcpartnerinfo/ctstips/6ad2.htm,6261,.htm,error,Aptiva - Fix for Runtime 438 Error in Update Connector
ps-2.kev009.com,pcpartnerinfo/ctstips/6b42.htm,4083,.htm,error,IBM PC330/PC350 - White screen or trap error switching from Win-OS/2 to OS/2
ps-2.kev009.com,pcpartnerinfo/ctstips/6b4e.htm,2370,.htm,error,TP 770 - Receive error message &quot;could not read from file xxx&quot; when installing Microsoft Office or Mi
ps-2.kev009.com,pcpartnerinfo/ctstips/6c82.htm,4462,.htm,forbidden,Aptiva - Access Denied message when deleting files
ps-2.kev009.com,pcpartnerinfo/ctstips/6cba.htm,2838,.htm,error,"Servers - NetFinity v2.01 Error, &quot;Unable to connect NETBASE.EXE&quot;"
ps-2.kev009.com,pcpartnerinfo/ctstips/6d4a.htm,2776,.htm,error,PC Server 500 - Error codes
ps-2.kev009.com,pcpartnerinfo/ctstips/6dae.htm,4370,.htm,error,Aptiva - Update Connector runtime 367 error fix
ps-2.kev009.com,pcpartnerinfo/ctstips/6de2.htm,2788,.htm,error,Aptiva - Hardware Handbook error : Video RAM (VRAM) upgrade
ps-2.kev009.com,pcpartnerinfo/ctstips/6e32.htm,3568,.htm,error,"TP 310,315 - Getting a SU-0409 error when reinstalling Windows 95"
ps-2.kev009.com,pcpartnerinfo/ctstips/6e7a.htm,45594,.htm,error,Netfinity 3000 - Diagnostic Error Codes
ps-2.kev009.com,pcpartnerinfo/ctstips/6ee2.htm,2226,.htm,error,Aptiva - Voice Type Dictation Problems (Floating Point Error)
ps-2.kev009.com,pcpartnerinfo/ctstips/6f12.htm,4091,.htm,error,TP 1400 - Fatal Exception 0E error after installing a serial mouse
ps-2.kev009.com,pcpartnerinfo/ctstips/6f36.htm,2712,.htm,error,PC Server 310 - Hard Disk Drive Boot Error
ps-2.kev009.com,pcpartnerinfo/ctstips/6f92.htm,2727,.htm,error,Aptiva - Error Msg: No MPEG drivers installed when trying to play MPEG titles
ps-2.kev009.com,pcpartnerinfo/ctstips/704e.htm,2579,.htm,error,Aptiva - Error in CWB3DSND when exiting CompuServe
ps-2.kev009.com,pcpartnerinfo/ctstips/709a.htm,4187,.htm,error,IBM PC Server/IBM PS/2 - Token-Ring LAN error during OS/2 boot.
ps-2.kev009.com,pcpartnerinfo/ctstips/7116.htm,2811,.htm,error,TP 560/E - Diagnostic Error Codes
ps-2.kev009.com,pcpartnerinfo/ctstips/7126.htm,11140,.htm,error,PC Server 320 - Error Codes
ps-2.kev009.com,pcpartnerinfo/ctstips/713e.htm,2774,.htm,error,Netfinity 5500 M20 - SCSI error codes
ps-2.kev009.com,pcpartnerinfo/ctstips/714a.htm,2285,.htm,error,IBM WorkPad - Error Messages When Using MS Exchange
ps-2.kev009.com,pcpartnerinfo/ctstips/7166.htm,3689,.htm,error,TP Dock 1 - FRU Error Codes
ps-2.kev009.com,pcpartnerinfo/ctstips/721a.htm,2880,.htm,error,"IBM PC300PL (Type 6862, 6892) - 18XX POST error with audio and Token Ring adapters"
ps-2.kev009.com,pcpartnerinfo/ctstips/728e.htm,3443,.htm,error,Netfinity 5500 - Unable to update Service Processor / POST error 01299181
ps-2.kev009.com,pcpartnerinfo/ctstips/733e.htm,2682,.htm,error,28.8/14.4 PCMCIA Data/Fax Modem w/Integrated DAA - Getting error 'in use by another device' on ThinkPad 385D
ps-2.kev009.com,pcpartnerinfo/ctstips/739e.htm,2125,.htm,error,Netfinity 7000 M10 - NetWare error when loading NPRINTER
ps-2.kev009.com,pcpartnerinfo/ctstips/7436.htm,3944,.htm,error,PC Server 300 - Network error on 8640 with Novell and 3COM Ethernet adapter
ps-2.kev009.com,pcpartnerinfo/ctstips/74f2.htm,15415,.htm,error,IBM PC/IBM IntelliStation - Error messages
ps-2.kev009.com,pcpartnerinfo/ctstips/75a6.htm,25816,.htm,error,IBM PC100/PC140 - Numeric error codes
ps-2.kev009.com,pcpartnerinfo/ctstips/76d2.htm,3862,.htm,not found,Crossbrand - What you do when you receive &quot;Adobe Type Manager not found&quot; message using Lotus SmartSu
ps-2.kev009.com,pcpartnerinfo/ctstips/77d2.htm,4747,.htm,error,Aptiva - How to turn off Mwave modem error correction in Windows 95 - US
ps-2.kev009.com,pcpartnerinfo/ctstips/780e.htm,3237,.htm,error,TP General - Fatal exception error with Adaptec PCMCIA SCSI adapter
ps-2.kev009.com,pcpartnerinfo/ctstips/7912.htm,2628,.htm,error,Aptiva - Insufficient Memory Error message booting from Diagnostics CD
ps-2.kev009.com,pcpartnerinfo/ctstips/7942.htm,2611,.htm,error,"TP 380,385,560,760 - Windows 95 Recovery CD error when restoring via Parallel Port Disctec CD-ROM Drive"
ps-2.kev009.com,pcpartnerinfo/ctstips/7976.htm,26874,.htm,error,PC Server 310 - Numeric Error Codes
ps-2.kev009.com,pcpartnerinfo/ctstips/79c2.htm,2669,.htm,error,Aptiva - VCPI Allocate Block Error when running &quot;LTTSR.EXE&quot;
ps-2.kev009.com,pcpartnerinfo/ctstips/79e2.htm,2071,.htm,error,TP 300 - Error [200001] apon reset
ps-2.kev009.com,pcpartnerinfo/ctstips/7a1e.htm,6145,.htm,error,Aptiva - EMM386 Exception Error #12
ps-2.kev009.com,pcpartnerinfo/ctstips/7a2a.htm,2952,.htm,error,Aptiva - 2159/2176 Mech Warrior 2 Fatal Error #50
ps-2.kev009.com,pcpartnerinfo/ctstips/7a56.htm,5453,.htm,error,Aptiva - 2153 VMM32 Error
ps-2.kev009.com,pcpartnerinfo/ctstips/7a5e.htm,2346,.htm,error,PS/1 - Vsafe error loading Windows 3.x
ps-2.kev009.com,pcpartnerinfo/ctstips/7aa6.htm,28700,.htm,error,"Aptiva - 2139/2153 Diagnostics - Index of symptoms, messages, error codes, and beeps"
ps-2.kev009.com,pcpartnerinfo/ctstips/7b42.htm,2144,.htm,error,Aptiva - Unexpected Error; Quitting error message
ps-2.kev009.com,pcpartnerinfo/ctstips/7b86.htm,2664,.htm,error,IBM PC140 - &quot;Parameter Out of Range&quot; error with QAPlus/Pro
ps-2.kev009.com,pcpartnerinfo/ctstips/7c3e.htm,3472,.htm,error,"TP 600,770/ED - Fatal exception error or system locks-up when greater than 190MB memory is installed"
ps-2.kev009.com,pcpartnerinfo/ctstips/7ca2.htm,4386,.htm,error,TP 770Z - Patch for Intel Video Phone Help file error message
ps-2.kev009.com,pcpartnerinfo/ctstips/7d1a.htm,3300,.htm,error,Aptiva - How to fix &quot;locked drive error&quot; with the system booting into Safe Mode
ps-2.kev009.com,pcpartnerinfo/ctstips/7d36.htm,4183,.htm,error,IBM IntelliStation/IBM PC - I386 error installing network adapters under Windows NT
ps-2.kev009.com,pcpartnerinfo/ctstips/7daa.htm,3077,.htm,error,Server 95 / 500 - Diagnostic error with 851x monitor attached
ps-2.kev009.com,pcpartnerinfo/ctstips/7dce.htm,7120,.htm,error,TP 365C/CS/CD/CSD/E/ED - Error messages
ps-2.kev009.com,pcpartnerinfo/ctstips/8002.htm,3421,.htm,error,IBM PS/2 - OS/2 video error message running Lotus 1-2-3 for DOS
ps-2.kev009.com,pcpartnerinfo/ctstips/800a.htm,6440,.htm,error,PC Server 704 - Mylex RAID Adapter Error Codes
ps-2.kev009.com,pcpartnerinfo/ctstips/8036.htm,2382,.htm,error,TP Selectadock III - SymptomToFRU Index - Diagnostic Error Codes
ps-2.kev009.com,pcpartnerinfo/ctstips/808a.htm,7857,.htm,error,Netfinity 3500 - RPL Related Error Messages
ps-2.kev009.com,pcpartnerinfo/ctstips/80b6.htm,2808,.htm,error,Netfinity 5500 M10 - Error LED reset to off
ps-2.kev009.com,pcpartnerinfo/ctstips/8202.htm,6630,.htm,error,Netfinity 5000 - Diagnostic Error Codes
ps-2.kev009.com,pcpartnerinfo/ctstips/8242.htm,7388,.htm,error,ServeRAID - POST (ISPR) Error Procedures
ps-2.kev009.com,pcpartnerinfo/ctstips/831e.htm,5313,.htm,error,Netfinity 5500 - Control Panel System Error LED
ps-2.kev009.com,pcpartnerinfo/ctstips/8392.htm,2469,.htm,error,Aptiva - 2161/62 POST error history program
ps-2.kev009.com,pcpartnerinfo/ctstips/840e.htm,2818,.htm,error,PS/2 8590 / Server 95 - 33/66 MHZ processor IML failure (01293000 error)
ps-2.kev009.com,pcpartnerinfo/ctstips/841a.htm,2413,.htm,error,"Rapid Access Keyboard - Error: Unable to load file, eztext.dll"
ps-2.kev009.com,pcpartnerinfo/ctstips/856e.htm,2281,.htm,error,PCServer704 - Error DAC960NT.SYS: the device\SCSI port0 did not respond within the timeout period
ps-2.kev009.com,pcpartnerinfo/ctstips/85b2.htm,3296,.htm,error,"TP 390,172x - Error 623 after re-installing Windows NT power management driver"
ps-2.kev009.com,pcpartnerinfo/ctstips/8716.htm,3928,.htm,error,"PCServer704 - POST error 0303, ECC SIMMs incompatible"
ps-2.kev009.com,pcpartnerinfo/ctstips/8796.htm,14618,.htm,error,Netfinity 5500 M20 - Diagnostic error codes
ps-2.kev009.com,pcpartnerinfo/ctstips/87ae.htm,10480,.htm,error,Aptiva - How to correct an MMSYSTEM266 error
ps-2.kev009.com,pcpartnerinfo/ctstips/883a.htm,2955,.htm,error,IBM PC300PL - &quot;DOS Options&quot; returns error in QAPlus/PRO for Windows
ps-2.kev009.com,pcpartnerinfo/ctstips/883e.htm,1892,.htm,error,PCMCIA 2-Slot Adapter - Getting error 1802
ps-2.kev009.com,pcpartnerinfo/ctstips/8862.htm,8792,.htm,error,"TP 310,315 - Numeric Error Codes and Messages"
ps-2.kev009.com,pcpartnerinfo/ctstips/88be.htm,3043,.htm,error,Aptiva - Error in Blockbuster CD after winning the Movie Trivia game
ps-2.kev009.com,pcpartnerinfo/ctstips/892e.htm,3420,.htm,error,Aptiva - 8-Bit error at Windows startup
ps-2.kev009.com,pcpartnerinfo/ctstips/893a.htm,2301,.htm,error,IBM PC330/PC350 - &quot;Error Reading Drive 2&quot; during startup
ps-2.kev009.com,pcpartnerinfo/ctstips/89e6.htm,3670,.htm,error,TP General - Getting &quot;Could not open com port error&quot; after using modem once
ps-2.kev009.com,pcpartnerinfo/ctstips/8b2e.htm,3694,.htm,error,IBM PC365 - 1762 POST error with 4.2GB hardfile
ps-2.kev009.com,pcpartnerinfo/ctstips/8bba.htm,2440,.htm,error,Aptiva - OS/2 Trap0002 error starting DOS/Windows apps
ps-2.kev009.com,pcpartnerinfo/ctstips/8d4e.htm,9081,.htm,error,PC Server 325 - Error codes
ps-2.kev009.com,pcpartnerinfo/ctstips/8d5a.htm,3098,.htm,error,IBM PC - IPX/SPX error using Windows for Workgroups
ps-2.kev009.com,pcpartnerinfo/ctstips/8d82.htm,3056,.htm,error,IBM PC330/PC350 - False error code with QAPlus/2
ps-2.kev009.com,pcpartnerinfo/ctstips/8e06.htm,8189,.htm,error,Aptiva-PS/1 - Configuration Error 163 at bootup
ps-2.kev009.com,pcpartnerinfo/ctstips/8e92.htm,3753,.htm,error,IBM PC330/PC350 - Windows NT Trap (blue screen) error
ps-2.kev009.com,pcpartnerinfo/ctstips/8ed2.htm,2974,.htm,error,PS/1 - JAZZ16 soundcard 1362 configuration error
ps-2.kev009.com,pcpartnerinfo/ctstips/8f8e.htm,17656,.htm,error,Crossbrand - List of common Configuration Error Codes
ps-2.kev009.com,pcpartnerinfo/ctstips/903e.htm,4970,.htm,error,PC Server 720 - Error codes
ps-2.kev009.com,pcpartnerinfo/ctstips/904e.htm,2378,.htm,error,TP 770 - Getting scan lines or &quot;Failed to perform...&quot; error message when playing a MPEG-2 file
ps-2.kev009.com,pcpartnerinfo/ctstips/909a.htm,2775,.htm,error,TP 560X - Diagnostic error codes
ps-2.kev009.com,pcpartnerinfo/ctstips/90ce.htm,2775,.htm,error,Aptiva - 2144/2168 (SL-H) Considerations: Blockbuster App error message when inserting CD
ps-2.kev009.com,pcpartnerinfo/ctstips/91da.htm,3216,.htm,error,"IBM PC300PL (Type 6862, 6892)/PC300XL - Large font error switching to 640x480 resolution"
ps-2.kev009.com,pcpartnerinfo/ctstips/9246.htm,3596,.htm,error,"Aptiva - Error configuring Midi Magic device in Caesar II, no sound"
ps-2.kev009.com,pcpartnerinfo/ctstips/9296.htm,4020,.htm,error,IBM PC365 - 42GBFIX - Fix for 1762 error with 4.2GB hard disk drive
ps-2.kev009.com,pcpartnerinfo/ctstips/92de.htm,3980,.htm,error,"TP 310E/ED,315E/ED - Getting OPL3-SAx error on boot"
ps-2.kev009.com,pcpartnerinfo/ctstips/93ae.htm,2963,.htm,error,3270 Emulation Credit Card Adapter - Error: &quot;PCSCOAX002: Memory test failed for the adapter&quot;
ps-2.kev009.com,pcpartnerinfo/ctstips/940e.htm,2909,.htm,error,IBM IntelliStation M Pro/IBM PC300XL - 4.2GB FDISK error tip
ps-2.kev009.com,pcpartnerinfo/ctstips/9432.htm,3558,.htm,error,"Servers - 4/10GB tape drive appears hung, error recovery"
ps-2.kev009.com,pcpartnerinfo/ctstips/943a.htm,3375,.htm,error,Netfinity 3500 - Diagnostic Error Codes
ps-2.kev009.com,pcpartnerinfo/ctstips/9472.htm,3158,.htm,error,TP 760EL - System Error: Unknown Title Sys3175
ps-2.kev009.com,pcpartnerinfo/ctstips/95ce.htm,6547,.htm,error,TP 701C/CS - Numeric Error Codes
ps-2.kev009.com,pcpartnerinfo/ctstips/9642.htm,3191,.htm,error,"IBM PC300GL (Type 6561, 6591) - IBM Enhanced Diagnostics &quot;Welcome Center&quot; error"
ps-2.kev009.com,pcpartnerinfo/ctstips/966e.htm,3130,.htm,error,"IBM PC300PL (Type 6862, 6892) - Windows NT 4.0 &quot;Low on Registry Quota&quot; error"
ps-2.kev009.com,pcpartnerinfo/ctstips/989e.htm,3056,.htm,error,"TP 380,385,560x,600,770 - Windows Protection Error with system.cb and CardWork"
ps-2.kev009.com,pcpartnerinfo/ctstips/9a0e.htm,6148,.htm,error,"TP 380,385 - Getting a VFAT error message after upgrading to Windows 98"
ps-2.kev009.com,pcpartnerinfo/ctstips/9a8a.htm,4347,.htm,error,Crossbrand - EMC clip removal to fix floppy drive error
ps-2.kev009.com,pcpartnerinfo/ctstips/9b2e.htm,2511,.htm,error,TP 770X - Error message appears when starting Digital Video Producer v5.0 in Windows 98
ps-2.kev009.com,pcpartnerinfo/ctstips/9c12.htm,2637,.htm,error,Aptiva - Error loading picclip.vbx when Aptiva Guide starts
ps-2.kev009.com,pcpartnerinfo/ctstips/9c1e.htm,4275,.htm,error,IBM PC - System error messages with MicroSoft Office applications
ps-2.kev009.com,pcpartnerinfo/ctstips/9cf6.htm,4362,.htm,error,Aptiva-PS/1 - CHKDSK error messages
ps-2.kev009.com,pcpartnerinfo/ctstips/9d1a.htm,13042,.htm,error,Netfinity 7000 M10 - POST Error Codes
ps-2.kev009.com,pcpartnerinfo/ctstips/9d2a.htm,2787,.htm,error,Aptiva - 2158/2163/2164 Considerations - Error when attaching USB audio adapter
ps-2.kev009.com,pcpartnerinfo/ctstips/9eaa.htm,47721,.htm,error,"Aptiva - 2159 Diagnostics - Index of symptoms, messages, error codes, and beeps"
ps-2.kev009.com,pcpartnerinfo/ctstips/9eba.htm,2768,.htm,error,PS/1-Aptiva - I get an &quot;Error Reading Drive A:&quot; when I try to change to that drive
ps-2.kev009.com,pcpartnerinfo/ctstips/9f02.htm,2727,.htm,error,TP 701 - OS/2 Trap 000d error on bootup
ps-2.kev009.com,pcpartnerinfo/ctstips/9f26.htm,7126,.htm,error,TP 755CD/CDV - Numeric Error Codes
ps-2.kev009.com,pcpartnerinfo/ctstips/9f4a.htm,2481,.htm,error,Aptiva - &quot;HIMEM.SYS file missing&quot; error in Windows 95
ps-2.kev009.com,pcpartnerinfo/ctstips/9f9a.htm,5789,.htm,error,PS/1 - Error Message: Speller Cannot Be Found
ps-2.kev009.com,pcpartnerinfo/ctstips/9fea.htm,2401,.htm,error,"TP 755,760,765 - Playing MPEG files causes a ddhelp.exe error on shutdown in Windows NT 4.0"
ps-2.kev009.com,pcpartnerinfo/ctstips/9ffe.htm,3300,.htm,error,IBM PC360 - 163 POST error date and time incorrect
ps-2.kev009.com,pcpartnerinfo/ctstips/a09a.htm,4122,.htm,error,Netfinity 7000 M10 - Error Symptoms
ps-2.kev009.com,pcpartnerinfo/ctstips/a0da.htm,4012,.htm,error,Aptiva - Insufficient Memory Error when running DEFRAG
ps-2.kev009.com,pcpartnerinfo/ctstips/a176.htm,2614,.htm,error,Aptiva - WAIL32.DLL error in Activision games
ps-2.kev009.com,pcpartnerinfo/ctstips/a2aa.htm,10156,.htm,error,"Netfinity 5500 M20 - ServeRAID controller error codes/messages, ServeRAID POST error codes and ServeRAID POST "
ps-2.kev009.com,pcpartnerinfo/ctstips/a2d2.htm,3623,.htm,error,IBM ValuePoint - CLOCK00 - Date/time error fix for OS/2 1.3
ps-2.kev009.com,pcpartnerinfo/ctstips/a362.htm,3119,.htm,error,IBM ValuePoint - 162 error with Action Media II installed
ps-2.kev009.com,pcpartnerinfo/ctstips/a5ce.htm,5529,.htm,error,"TP 390,172x - Numeric error code index"
ps-2.kev009.com,pcpartnerinfo/ctstips/a74e.htm,2342,.htm,error,IdeaScan Color Flatbed Scanner - PhotoFantasy Error Message
ps-2.kev009.com,pcpartnerinfo/ctstips/a812.htm,9175,.htm,error,TP 600/E - Numeric error codes index
ps-2.kev009.com,pcpartnerinfo/ctstips/a94a.htm,2622,.htm,error,TP 350 - Error messages that COM.SYS or VCOM.SYS did not load
ps-2.kev009.com,pcpartnerinfo/ctstips/a97a.htm,2209,.htm,error,TP 760 - AVI files causing MMSystem 006 error
ps-2.kev009.com,pcpartnerinfo/ctstips/a98e.htm,2330,.htm,error,Aptiva - POST error history
ps-2.kev009.com,pcpartnerinfo/ctstips/a9d6.htm,2672,.htm,error,IBM PC730/PC750 - OS/2 &quot;Sys 1202&quot; error after reinstalling QAPlus/2
ps-2.kev009.com,pcpartnerinfo/ctstips/aa0a.htm,3793,.htm,error,Aptiva - Configuration error 1162 at bootup
ps-2.kev009.com,pcpartnerinfo/ctstips/aa6a.htm,3535,.htm,error,Netfinity 5500 M10 - Error Symptoms
ps-2.kev009.com,pcpartnerinfo/ctstips/aafe.htm,3449,.htm,error,Netfinity 5000 - Error Symptoms
ps-2.kev009.com,pcpartnerinfo/ctstips/ab7a.htm,2232,.htm,error,Aptiva - 2164 ScanDisk out of memory error
ps-2.kev009.com,pcpartnerinfo/ctstips/abc6.htm,2052,.htm,error,"PCServer704 - SMP error, remote node or domain controller unavailable"
ps-2.kev009.com,pcpartnerinfo/ctstips/abd2.htm,4045,.htm,error,IBM PC730/PC750 - Beep code indicating video error with Image Adapter/A card
ps-2.kev009.com,pcpartnerinfo/ctstips/ac06.htm,3829,.htm,error,Aptiva - Microsoft Works error message: &quot;Footer Too Tall&quot; on Panasonic printers
ps-2.kev009.com,pcpartnerinfo/ctstips/ac3a.htm,3312,.htm,error,PCMCIA 8X-20X CD-ROM Drive - Error messages in Event Viewer under Windows NT
ps-2.kev009.com,pcpartnerinfo/ctstips/ac9a.htm,2959,.htm,error,IBM PS/2 - 8570 upgrade planar 006 error/memory requirements
ps-2.kev009.com,pcpartnerinfo/ctstips/adca.htm,3602,.htm,error,IBM ValuePoint - Diagnostics 189 error with 486 DX4 Overdrive upgrade
ps-2.kev009.com,pcpartnerinfo/ctstips/adda.htm,3299,.htm,error,Aptiva - Error messages
ps-2.kev009.com,pcpartnerinfo/ctstips/aeda.htm,7405,.htm,error,TP 3550 Expansion Unit - Numeric Error Codes
ps-2.kev009.com,pcpartnerinfo/ctstips/aef2.htm,4579,.htm,error,IBM ValuePoint - Type 64xx error log
ps-2.kev009.com,pcpartnerinfo/ctstips/af02.htm,4285,.htm,error,TP General - Windows NT Event 7023/7001 Error Message
ps-2.kev009.com,pcpartnerinfo/ctstips/afea.htm,4649,.htm,error,Aptiva - 2144/2168/2176 Mwave no-dialtone error
ps-2.kev009.com,pcpartnerinfo/ctstips/b03e.htm,77996,.htm,error,"Aptiva - 2144/2168 (SL-C) Diagnostics - Index of symptoms, messages, error codes, and beeps"
ps-2.kev009.com,pcpartnerinfo/ctstips/b07a.htm,5286,.htm,error,Aptiva - Configuration error 1162 at bootup
ps-2.kev009.com,pcpartnerinfo/ctstips/b17a.htm,2079,.htm,error,OBI Modems - Tip for &quot;com port is already in use&quot; error
ps-2.kev009.com,pcpartnerinfo/ctstips/b1d6.htm,1841,.htm,error,PC Server 320 - OS/2 Error: lTC00042 Unable to bind
ps-2.kev009.com,pcpartnerinfo/ctstips/b2ae.htm,7040,.htm,error,TP 755CE/CSE/CV/CX - Numeric Error Codes
ps-2.kev009.com,pcpartnerinfo/ctstips/b2b2.htm,2993,.htm,error,IBM PC330/PC350 - No error message if keyboard test fails in QAPlus/2
ps-2.kev009.com,pcpartnerinfo/ctstips/b2ce.htm,3064,.htm,error,PC Server 320 - Processor upgrade installation error
ps-2.kev009.com,pcpartnerinfo/ctstips/b2d6.htm,5506,.htm,error,Aptiva - Error Message: Unable to control A20 line
ps-2.kev009.com,pcpartnerinfo/ctstips/b46a.htm,2540,.htm,error,Netfinity 5500 - 'No video' error with 2-3-1 Beep code
ps-2.kev009.com,pcpartnerinfo/ctstips/b48e.htm,5460,.htm,error,Aptiva - Why do I get an Insufficient Memory error when installing software?
ps-2.kev009.com,pcpartnerinfo/ctstips/b522.htm,3137,.htm,error,Network Station - NC Navigator bookmark (error) message solution
ps-2.kev009.com,pcpartnerinfo/ctstips/b71a.htm,1911,.htm,error,PCServer720 - Out of disk space error
ps-2.kev009.com,pcpartnerinfo/ctstips/b82e.htm,11814,.htm,error,Netfinity 5500 - POST Error Codes
ps-2.kev009.com,pcpartnerinfo/ctstips/b9ce.htm,2083,.htm,error,Aptiva - 2138-E76 &quot;Can not open Com Port&quot; error
ps-2.kev009.com,pcpartnerinfo/ctstips/bb6a.htm,3066,.htm,error,IBM PC300PL - Error message viewing PRO Set ethernet help file
ps-2.kev009.com,pcpartnerinfo/ctstips/bc02.htm,2888,.htm,error,IBM PC330/PC350 - '2RPL Halted' error w/IBM LAN Adapter for Ethernet
ps-2.kev009.com,pcpartnerinfo/ctstips/bc0a.htm,6699,.htm,error,Netfinity 5500 M10 - ServeRAID Controller Error Codes
ps-2.kev009.com,pcpartnerinfo/ctstips/bc3a.htm,2247,.htm,error,TP 350 - &quot;Error: Card Services not installed&quot; during boot with a PCMCIA Modem
ps-2.kev009.com,pcpartnerinfo/ctstips/bcd2.htm,15717,.htm,error,PC Server 310 - Error Messages
ps-2.kev009.com,pcpartnerinfo/ctstips/bd16.htm,2704,.htm,error,"IBM PC300PL (Type 6862, 6892) - Error loading large fonts in Windows for Workgroups"
ps-2.kev009.com,pcpartnerinfo/ctstips/bd66.htm,2377,.htm,error,Aptiva - MPEG error message 'Your display driver is not Windows Compatible' or Direct Draw
ps-2.kev009.com,pcpartnerinfo/ctstips/bd7a.htm,4794,.htm,error,Aptiva - Keyboard Error Codes: XX-301
ps-2.kev009.com,pcpartnerinfo/ctstips/bf5e.htm,2296,.htm,error,TP 560/E - How to use Error Messages
ps-2.kev009.com,pcpartnerinfo/ctstips/c182.htm,2312,.htm,error,TP 770/E/ED - System error when trying to capture video
ps-2.kev009.com,pcpartnerinfo/ctstips/c1d2.htm,3848,.htm,error,Aptiva - Error when setting a password in Aptiva Communication Center
ps-2.kev009.com,pcpartnerinfo/ctstips/c286.htm,3851,.htm,error,IBM PC330/PC350 - No video or 210 POST error
ps-2.kev009.com,pcpartnerinfo/ctstips/c36a.htm,2397,.htm,error,Servers - Vinca error 'LINK.DDI' while installing additional drivers
ps-2.kev009.com,pcpartnerinfo/ctstips/c4c2.htm,28300,.htm,error,IBM PC/IBM IntelliStation - Numeric error codes
ps-2.kev009.com,pcpartnerinfo/ctstips/c4e2.htm,3664,.htm,error,IBM ValuePoint - Fixed disk errors or 1714 diagnostics error
ps-2.kev009.com,pcpartnerinfo/ctstips/c61e.htm,3707,.htm,error,IBM ValuePoint - 100MHz Hang or operating system error
ps-2.kev009.com,pcpartnerinfo/ctstips/c63a.htm,3511,.htm,error,IBM PC730/PC750 - 0014 error while running CD audio test
ps-2.kev009.com,pcpartnerinfo/ctstips/c682.htm,2659,.htm,error,Netfinity 5000 - SCSI Error Codes
ps-2.kev009.com,pcpartnerinfo/ctstips/c6a2.htm,2864,.htm,error,IBM PC300GL - Ready-to-Configure CD ROM (RTC) error under DOS/Windows
ps-2.kev009.com,pcpartnerinfo/ctstips/c6ca.htm,7046,.htm,error,"IBM PC300XL - ECA012: Errors, system hangs on first boot of Windows 95 - &quot;IOS/Disk Full Error&quot; ECA"
ps-2.kev009.com,pcpartnerinfo/ctstips/c71a.htm,3043,.htm,error,Aptiva - EMM386 Error#12 when running certain applications
ps-2.kev009.com,pcpartnerinfo/ctstips/c7ce.htm,3204,.htm,error,Aptiva - CWAUDIO.BIN &quot;Error Message&quot; Upon Boot-Up
ps-2.kev009.com,pcpartnerinfo/ctstips/c872.htm,3808,.htm,error,Aptiva - Configuration error 163 at bootup
ps-2.kev009.com,pcpartnerinfo/ctstips/c9ca.htm,2402,.htm,error,Network Station - Solution for loading error message
ps-2.kev009.com,pcpartnerinfo/ctstips/ca7a.htm,164072,.htm,error,IBM PS/2 - Error Codes
ps-2.kev009.com,pcpartnerinfo/ctstips/ca9a.htm,2833,.htm,error,Network Station - Current time error message at boot time
ps-2.kev009.com,pcpartnerinfo/ctstips/cad6.htm,2633,.htm,error,PS/2 Server 85 - I9990303 Error on hardware upgrade
ps-2.kev009.com,pcpartnerinfo/ctstips/cbd2.htm,1924,.htm,error,TP 365XD - Error in user's guide about battery discharging
ps-2.kev009.com,pcpartnerinfo/ctstips/cbda.htm,2612,.htm,error,"TP 360,340 - Error Messages"
ps-2.kev009.com,pcpartnerinfo/ctstips/cc0a.htm,6300,.htm,error,"TP 380,385 - Diagnostic error codes"
ps-2.kev009.com,pcpartnerinfo/ctstips/cc3a.htm,3603,.htm,error,TP Dock II - Numeric Error Codes
ps-2.kev009.com,pcpartnerinfo/ctstips/cd72.htm,5513,.htm,error,TP 340 - Numeric Error Codes
ps-2.kev009.com,pcpartnerinfo/ctstips/cdae.htm,3352,.htm,not found,IBM IntelliStation M Pro (Type 6898)/Netfinity3500 - SCSI BIOS error: &quot;SCSI Termination Not Found&quot; (
ps-2.kev009.com,pcpartnerinfo/ctstips/ce7a.htm,2563,.htm,error,TP 770 - Diagnostic Error Codes
ps-2.kev009.com,pcpartnerinfo/ctstips/cf26.htm,3670,.htm,error,Netfinity3500/IBM IntelliStation M Pro (Type 6898) - False diagnostic error with fixed disk controller test
ps-2.kev009.com,pcpartnerinfo/ctstips/cfaa.htm,3957,.htm,error,Aptiva - Unable to use disk cache on specified drive error
ps-2.kev009.com,pcpartnerinfo/ctstips/cfda.htm,2538,.htm,error,TP 350 - 1709 Diagnostic Error
ps-2.kev009.com,pcpartnerinfo/ctstips/d002.htm,3625,.htm,error,Netfinity 7000 M10 - False error message when restarting Service Processor
ps-2.kev009.com,pcpartnerinfo/ctstips/d07e.htm,2831,.htm,error,Netfinity 5500 M10 - SCSI Error Codes
ps-2.kev009.com,pcpartnerinfo/ctstips/d0ce.htm,3905,.htm,error,Aptiva - Adobe Error messages in Lotus SmartSuite
ps-2.kev009.com,pcpartnerinfo/ctstips/d0d6.htm,4900,.htm,error,Servers - Floppy drive error if both ServeRAID and Adaptec installed
ps-2.kev009.com,pcpartnerinfo/ctstips/d20e.htm,2779,.htm,error,Aptiva - Disk space error occurs when installing QuickTime software
ps-2.kev009.com,pcpartnerinfo/ctstips/d25a.htm,3490,.htm,error,Netfinity 5500 - Error Symptoms
ps-2.kev009.com,pcpartnerinfo/ctstips/d292.htm,36487,.htm,error,PC Server 315 - Numeric Error Codes
ps-2.kev009.com,pcpartnerinfo/ctstips/d2de.htm,5419,.htm,error,"TP 380,385 - &quot;Invalid Dynamic Link Call&quot; error on suspend."
ps-2.kev009.com,pcpartnerinfo/ctstips/d33a.htm,3581,.htm,error,IBM IntelliStation M Pro (Type 6898) - POST error with 333 MHz processor
ps-2.kev009.com,pcpartnerinfo/ctstips/d352.htm,2889,.htm,error,IBM PC730/PC750 - DOSCALL� Trap error with MWave and TCP/IP installed
ps-2.kev009.com,pcpartnerinfo/ctstips/d3a6.htm,2197,.htm,error,Netfinity 7000 M10 - ADSM for OS/2 installation error
ps-2.kev009.com,pcpartnerinfo/ctstips/d3de.htm,2952,.htm,error,PC Server 330 - Boot error after adding ServeRAID II adapter
ps-2.kev009.com,pcpartnerinfo/ctstips/d4b2.htm,3327,.htm,error,IBM IntelliStation M Pro (Type 6898) - Server Service error after networking installation
ps-2.kev009.com,pcpartnerinfo/ctstips/d5de.htm,4863,.htm,error,Aptiva - Locating the source of a system bootup error
ps-2.kev009.com,pcpartnerinfo/ctstips/d6ba.htm,4304,.htm,error,Aptiva - Error log for intermittent problems
ps-2.kev009.com,pcpartnerinfo/ctstips/d716.htm,3076,.htm,error,Aptiva - &quot;Divide by Zero&quot; error when installing Sierra games on K6-300MHz systems
ps-2.kev009.com,pcpartnerinfo/ctstips/d71a.htm,2576,.htm,error,IBM PC330/PC350 - Diskette read error during file transfer
ps-2.kev009.com,pcpartnerinfo/ctstips/d812.htm,16157,.htm,error,Netfinity 5500 M10 - Diagnostic Error Codes
ps-2.kev009.com,pcpartnerinfo/ctstips/d8ea.htm,3311,.htm,error,TP 770 - RASAPI32.DLL ERROR while trying to connect with Direct Cable Connection
ps-2.kev009.com,pcpartnerinfo/ctstips/d9aa.htm,2990,.htm,error,Aptiva - Internet Connection debug error
ps-2.kev009.com,pcpartnerinfo/ctstips/d9c6.htm,2335,.htm,error,"TP 600E,770X/Z - Error code 188 or 189 during system boot"
ps-2.kev009.com,pcpartnerinfo/ctstips/da2a.htm,2717,.htm,error,TP 760CD - MPEG initialization error
ps-2.kev009.com,pcpartnerinfo/ctstips/da82.htm,2984,.htm,error,TP 600 - Getting &quot;interrupts error&quot; when running Winbench 98 or Winstone 98
ps-2.kev009.com,pcpartnerinfo/ctstips/da86.htm,4416,.htm,error,"IBM PC300GL/PC300PL (Type 6862, 6892) - Conflicting Resource Error in BIOS with Windows 95"
ps-2.kev009.com,pcpartnerinfo/ctstips/dbda.htm,4600,.htm,error,Servers - Customer registration error
ps-2.kev009.com,pcpartnerinfo/ctstips/dcce.htm,3407,.htm,error,Aptiva - Error Message: Cannot Find File or File Already Open
ps-2.kev009.com,pcpartnerinfo/ctstips/dd0e.htm,2956,.htm,error,IBM PC730/PC750 - False level 2 cache error with QaPlus/Pro
ps-2.kev009.com,pcpartnerinfo/ctstips/de1e.htm,3091,.htm,error,Netfinity 5000 - ASM DIMM Information Display Error
ps-2.kev009.com,pcpartnerinfo/ctstips/de32.htm,3011,.htm,error,IBM PC300PL - Matrox driver installation causes DirectX error message
ps-2.kev009.com,pcpartnerinfo/ctstips/dfee.htm,4063,.htm,error,"TP 310E/ED,315E/ED - Chips and Technologies error on boot"
ps-2.kev009.com,pcpartnerinfo/ctstips/e17e.htm,9678,.htm,error,TP 560Z - Numeric error codes
ps-2.kev009.com,pcpartnerinfo/ctstips/e1b2.htm,3831,.htm,error,Aptiva - Error messages when creating a message in Communication Center
ps-2.kev009.com,pcpartnerinfo/ctstips/e1be.htm,2079,.htm,not found,PC Server 320 - ISA 16/4 token ring adapter not found
ps-2.kev009.com,pcpartnerinfo/ctstips/e2a6.htm,2981,.htm,error,IBM PC140 - Driver error when setting over 16 colors under Windows 3.11
ps-2.kev009.com,pcpartnerinfo/ctstips/e3a6.htm,2463,.htm,error,TP General - Win3.1 error when installing more than 256 MB of memory
ps-2.kev009.com,pcpartnerinfo/ctstips/e42e.htm,2621,.htm,error,TP 760E/ED/EL/ELD - Error with Windows 95
ps-2.kev009.com,pcpartnerinfo/ctstips/e502.htm,4172,.htm,error,TP Selectadock III - SymptomToFRU Index - Numeric Error Codes
ps-2.kev009.com,pcpartnerinfo/ctstips/e552.htm,2666,.htm,error,Aptiva - Intermittent 662 POST error
ps-2.kev009.com,pcpartnerinfo/ctstips/e5b2.htm,3845,.htm,error,TP Dock I - Numeric Error Codes
ps-2.kev009.com,pcpartnerinfo/ctstips/e60e.htm,8517,.htm,error,Netfinity 3000 - POST Error Codes
ps-2.kev009.com,pcpartnerinfo/ctstips/e61a.htm,2647,.htm,error,Aptiva - Sports Illustrated For Kids DLL error
ps-2.kev009.com,pcpartnerinfo/ctstips/e636.htm,2932,.htm,error,IBM IntelliStation M Pro/IBM PC300XL - &quot;No Bootable Media&quot; error with 4.2GB IDE hard files
ps-2.kev009.com,pcpartnerinfo/ctstips/e896.htm,2626,.htm,error,Aptiva - Error: &quot;Printer driver is missing or not valid&quot; In Microsoft Works
ps-2.kev009.com,pcpartnerinfo/ctstips/e89a.htm,3084,.htm,error,"TP 380XD,385XD - fatal exception error message on Windows 95 restart after the screen color depth or resolutio"
ps-2.kev009.com,pcpartnerinfo/ctstips/e976.htm,2856,.htm,error,Aptiva - Drivers not Windows 95 Compatible error in MechWarrior 2
ps-2.kev009.com,pcpartnerinfo/ctstips/e9a6.htm,2786,.htm,error,Netfinity 5500 - SCSI Error Codes
ps-2.kev009.com,pcpartnerinfo/ctstips/e9c2.htm,2943,.htm,error,"IBM PS/2 - 9556, 9557 with 1184 diagnostic error and/or hang"
ps-2.kev009.com,pcpartnerinfo/ctstips/ea72.htm,2598,.htm,error,Aptiva - 2144 Error finding PROGMAN.EXE when Windows 3.1 starts
ps-2.kev009.com,pcpartnerinfo/ctstips/ebe2.htm,2630,.htm,error,TP 560/E - How to Read POST Error Messages
ps-2.kev009.com,pcpartnerinfo/ctstips/ec3a.htm,3148,.htm,error,IBM PC - Inaccurate Time/Date and/or OS/2 Reports Clock Error Messages
ps-2.kev009.com,pcpartnerinfo/ctstips/ec66.htm,3355,.htm,not found,IBM IntelliStation M Pro (Type 6889)/Netfinity3500 - SCSI BIOS error: &quot;SCSI Termination Not Found&quot; (
ps-2.kev009.com,pcpartnerinfo/ctstips/ec7a.htm,4611,.htm,error,IBM IntelliStation/IBM PC/Netfinity 3500 - I386 error installing network adapters under Windows NT
ps-2.kev009.com,pcpartnerinfo/ctstips/ee86.htm,2858,.htm,error,PC Server 320/520 - 'Token-NW-206' error in NetWare Server
ps-2.kev009.com,pcpartnerinfo/ctstips/ef2a.htm,2476,.htm,error,IdeaScan Color Flatbed Scanner - Error Message &quot;Not enough memory&quot;
ps-2.kev009.com,pcpartnerinfo/ctstips/ef32.htm,2696,.htm,error,"IBM PC300GL - NetFinity startup error: &quot;No Services Available&quot; (Type 6561, 6591)"
ps-2.kev009.com,pcpartnerinfo/ctstips/efb2.htm,32414,.htm,error,"Aptiva - 2137/2138 Diagnostics - Index of symptoms, error codes, and beeps"
ps-2.kev009.com,pcpartnerinfo/ctstips/efc6.htm,1968,.htm,error,Aptiva - CD-ROM Sampler and 256 Color error
ps-2.kev009.com,pcpartnerinfo/ctstips/f026.htm,3329,.htm,error,Aptiva - 2163/2164 Considerations - DVD Express fails playback with error &quot;Invalid disk/drive found&quot;
ps-2.kev009.com,pcpartnerinfo/ctstips/f036.htm,3631,.htm,error,IBM PC730/PC750 - Video error in Windows 95
ps-2.kev009.com,pcpartnerinfo/ctstips/f096.htm,31171,.htm,error,"Aptiva - 2136 Diagnostics - Index of symptoms, messages, error codes, or beeps"
ps-2.kev009.com,pcpartnerinfo/ctstips/f0aa.htm,2511,.htm,error,Netfinity 3000 - Error loading IBMFE.LAN
ps-2.kev009.com,pcpartnerinfo/ctstips/f0d2.htm,2259,.htm,error,Network Station - MWM loading error message
ps-2.kev009.com,pcpartnerinfo/ctstips/f13a.htm,4824,.htm,error,PC Server 310 - Miscellaneous Error Messages
ps-2.kev009.com,pcpartnerinfo/ctstips/f1de.htm,2342,.htm,error,PC Server 310 - Error '1962' or 'No SCSI Boot Device Found' when installing Windows NT 4.0
ps-2.kev009.com,pcpartnerinfo/ctstips/f262.htm,5256,.htm,error,TP 1400 - Numeric error codes index
ps-2.kev009.com,pcpartnerinfo/ctstips/f28e.htm,3643,.htm,error,Aptiva - Error 814 or 811 in Aptiva Communication Center
ps-2.kev009.com,pcpartnerinfo/ctstips/f296.htm,4245,.htm,error,TP SelectaDock I - Numeric Error Codes
ps-2.kev009.com,pcpartnerinfo/ctstips/f2de.htm,1970,.htm,error,PC Server 300 - Error Messages
ps-2.kev009.com,pcpartnerinfo/ctstips/f336.htm,6425,.htm,error,Aptiva-PS/1 - Configuration error messages after powering up
ps-2.kev009.com,pcpartnerinfo/ctstips/f372.htm,8067,.htm,error,"TP 340,355,360,370,750,755C/CS - Numeric Error Codes"
ps-2.kev009.com,pcpartnerinfo/ctstips/f4e6.htm,2675,.htm,error,"IBM PC300PL (Type 6862, 6892) - System locks during POST with error 162 displayed with LS-120 drive"
ps-2.kev009.com,pcpartnerinfo/ctstips/f5a2.htm,4087,.htm,error,Aptiva - The &quot;Divide By Zero&quot; error message
ps-2.kev009.com,pcpartnerinfo/ctstips/f62a.htm,2949,.htm,error,IBM PC330/PC350 - No error message if video test fails in QAPlus/2
ps-2.kev009.com,pcpartnerinfo/ctstips/f63e.htm,2810,.htm,error,TP 770Z - Error message received when using Help in Intel Video Phone
ps-2.kev009.com,pcpartnerinfo/ctstips/f852.htm,44523,.htm,error,"Aptiva - 2161 Diagnostics - Index of symptoms, messages, error codes, or beeps"
ps-2.kev009.com,pcpartnerinfo/ctstips/f85a.htm,2990,.htm,error,Aptiva - 2163/2164 Considerations - Fatal error on reboot
ps-2.kev009.com,pcpartnerinfo/ctstips/f8ae.htm,2772,.htm,error,PCServer500 - Error Reporting (S/390)
ps-2.kev009.com,pcpartnerinfo/ctstips/f92a.htm,2757,.htm,error,IBM PC 8590 / PC Server 8595 - 486/50MHZ processor causes false ARTIC Portmaster diag error
ps-2.kev009.com,pcpartnerinfo/ctstips/f98e.htm,2682,.htm,error,56K PC Card Modem Kit - Error message when installing under Windows NT
ps-2.kev009.com,pcpartnerinfo/ctstips/f9b6.htm,2864,.htm,error,PC Server 320/520 - False diagnostic error on RAID SCSI device
ps-2.kev009.com,pcpartnerinfo/ctstips/fa9e.htm,3888,.htm,error,PS/1-Aptiva - Page Setup Error printing envelopes on DeskJet 500
ps-2.kev009.com,pcpartnerinfo/ctstips/faa2.htm,2370,.htm,error,TP 760C/CD/L/LD/E/ED/EL/ELD - Numeric Error Codes
ps-2.kev009.com,pcpartnerinfo/ctstips/fb46.htm,4903,.htm,error,Server 85 - 174 POST Error and Microprocessor Error in Diagnostic
ps-2.kev009.com,pcpartnerinfo/ctstips/fc22.htm,1727,.htm,error,PC Server 300 - Miscellaneous Error Messages
ps-2.kev009.com,pcpartnerinfo/ctstips/fc4e.htm,8731,.htm,error,Notebook CL57SX - Numeric Error Codes
ps-2.kev009.com,pcpartnerinfo/ctstips/fd16.htm,2301,.htm,error,TP 770 - Error Message: Cannot find Deltemp.com when re-installing Windows 95
ps-2.kev009.com,pcpartnerinfo/ctstips/fd82.htm,2840,.htm,error,TP 760E/ED/EL/ELD - 1101 Error with Windows 95 when booted on SelectaDock I
ps-2.kev009.com,pcpartnerinfo/ctstips/fdce.htm,2801,.htm,error,TP General - Getting the error &quot;Running out of GDI Resources&quot;
ps-2.kev009.com,pcpartnerinfo/ctstips/fdf2.htm,2102,.htm,error,TP 365X/XD - Error in User's Guide about discharging battery
ps-2.kev009.com,pcpartnerinfo/ctstips/ff32.htm,2592,.htm,error,IBM 3153 ASCII Terminal Display - Displays parallel port transmit error condition
ps-2.kev009.com,pcpartnerinfo/ctstips/ff42.htm,13141,.htm,error,"TP 700,720 - Numeric error codes"
ps-2.kev009.com,pcpartnerinfo/ctstips/ff72.htm,50382,.htm,error,"Aptiva - 2162 Diagnostics - Index of symptoms, messages, error codes, or beeps"
ps-2.kev009.com,rsinfo/8digit.htm,17774,.htm,error,Post Error Codes
ps-2.kev009.com,tl/techlib/manuals/adoclib/3270hcon/hconugd/filtrant.htm,39243,.htm,error,File Transfer Error Codes
ps-2.kev009.com,tl/techlib/manuals/adoclib/aixins/aixinsgd/installp.htm,9781,.htm,error,Error Messages and Output from the installp Command
ps-2.kev009.com,tl/techlib/manuals/adoclib/aixins/aixinsgd/systemer.htm,50649,.htm,error,Chapter 12. Acting on System and Error Messages
ps-2.kev009.com,tl/techlib/manuals/adoclib/aixins/aixnimgd/errormes.htm,213423,.htm,error,Chapter 10. Error and Warning Messages
ps-2.kev009.com,tl/techlib/manuals/adoclib/aixprggd/diagunsd/featured.htm,3169,.htm,error,Automatic Error Log Analysis (DIAGELA)
ps-2.kev009.com,tl/techlib/manuals/adoclib/aixprggd/diagunsd/featuree.htm,2627,.htm,error,Error Log Analysis
ps-2.kev009.com,tl/techlib/manuals/adoclib/aixprggd/genprogc/errornot.htm,16131,.htm,error,Chapter 4. Error Notification
ps-2.kev009.com,tl/techlib/manuals/adoclib/aixprggd/kernextc/errorlog.htm,33503,.htm,error,Error Logging
ps-2.kev009.com,tl/techlib/manuals/adoclib/aixprggd/kernextc/errormsg.htm,5567,.htm,error,Error Messages for the Kernel Debug Program
ps-2.kev009.com,tl/techlib/manuals/adoclib/aixprggd/kernextc/ideerror.htm,5784,.htm,error,IDE Error Recovery
ps-2.kev009.com,tl/techlib/manuals/adoclib/aixprggd/kernextc/scsierro.htm,14877,.htm,error,SCSI Error Recovery
ps-2.kev009.com,tl/techlib/manuals/adoclib/aixprggd/progcomc/snmperro.htm,4130,.htm,error,SMUX Error Logging Subroutines Examples
ps-2.kev009.com,tl/techlib/manuals/adoclib/aixprob/msgdnref/err0105.htm,2197,.htm,error,Error Messages for Component ID 0105
ps-2.kev009.com,tl/techlib/manuals/adoclib/aixprob/msgdnref/err0402.htm,10840,.htm,error,Error Messages for Component ID 0402
ps-2.kev009.com,tl/techlib/manuals/adoclib/aixprob/msgdnref/err0403.htm,3796,.htm,error,Error Messages for Component ID 0403
ps-2.kev009.com,tl/techlib/manuals/adoclib/aixprob/msgdnref/err0460.htm,1817,.htm,error,Error Messages for Component ID 0460
ps-2.kev009.com,tl/techlib/manuals/adoclib/aixprob/msgdnref/err0481.htm,25877,.htm,error,Error Messages for Component ID 0481
ps-2.kev009.com,tl/techlib/manuals/adoclib/aixprob/msgdnref/err0503.htm,3921,.htm,error,Error Messages for Component ID 0503
ps-2.kev009.com,tl/techlib/manuals/adoclib/aixprob/msgdnref/err0506.htm,9983,.htm,error,Error Messages for Component ID 0506
ps-2.kev009.com,tl/techlib/manuals/adoclib/aixprob/msgdnref/err0509.htm,17031,.htm,error,Error Messages for Component ID 0509
ps-2.kev009.com,tl/techlib/manuals/adoclib/aixprob/msgdnref/err0511.htm,22658,.htm,error,Error Messages for Component ID 0511
ps-2.kev009.com,tl/techlib/manuals/adoclib/aixprob/msgdnref/err0512.htm,4307,.htm,error,Error Messages for Component ID 0512
ps-2.kev009.com,tl/techlib/manuals/adoclib/aixprob/msgdnref/err0513.htm,8065,.htm,error,Error Messages for Component ID 0513
ps-2.kev009.com,tl/techlib/manuals/adoclib/aixprob/msgdnref/err0514.htm,19358,.htm,error,Error Messages for Component ID 0514
ps-2.kev009.com,tl/techlib/manuals/adoclib/aixprob/msgdnref/err0516.htm,27248,.htm,error,Error Messages for Component ID 0516
ps-2.kev009.com,tl/techlib/manuals/adoclib/aixprob/msgdnref/err0519.htm,2895,.htm,error,Error Messages for Component ID 0519
ps-2.kev009.com,tl/techlib/manuals/adoclib/aixprob/msgdnref/err0551.htm,16101,.htm,error,Error Messages for Component ID 0551
ps-2.kev009.com,tl/techlib/manuals/adoclib/aixprob/msgdnref/err0575.htm,1974,.htm,error,Error Messages for Component ID 0575
ps-2.kev009.com,tl/techlib/manuals/adoclib/aixprob/msgdnref/err0602.htm,1467,.htm,error,Error Message for Component ID 0602
ps-2.kev009.com,tl/techlib/manuals/adoclib/aixprob/msgdnref/err0652.htm,5925,.htm,error,Error Messages for Component ID 0652
ps-2.kev009.com,tl/techlib/manuals/adoclib/aixprob/msgdnref/err0653.htm,15919,.htm,error,Error Messages for Component ID 0653
ps-2.kev009.com,tl/techlib/manuals/adoclib/aixprob/msgdnref/err0703.htm,3229,.htm,error,Error Messages for Component ID 0703
ps-2.kev009.com,tl/techlib/manuals/adoclib/aixprob/msgdnref/err0706.htm,4193,.htm,error,Error Messages for Component ID 0706
ps-2.kev009.com,tl/techlib/manuals/adoclib/aixprob/msgdnref/err0781.htm,58307,.htm,error,Error Messages for Component ID 0781
ps-2.kev009.com,tl/techlib/manuals/adoclib/aixprob/msgdnref/err0782.htm,12908,.htm,error,Error Messages for Component ID 0782
ps-2.kev009.com,tl/techlib/manuals/adoclib/aixprob/msgdnref/err0789.htm,3030,.htm,error,Error Messages for Component ID 0789
ps-2.kev009.com,tl/techlib/manuals/adoclib/aixprob/msgdnref/err0791.htm,2968,.htm,error,Error Messages for Component ID 0791
ps-2.kev009.com,tl/techlib/manuals/adoclib/aixprob/msgdnref/err0803.htm,21025,.htm,error,Error Messages for Component ID 0803
ps-2.kev009.com,tl/techlib/manuals/adoclib/aixprob/msgdnref/err0821.htm,10346,.htm,error,Error Messages for Component ID 0821
ps-2.kev009.com,tl/techlib/manuals/adoclib/aixprob/msgdnref/err0822.htm,4604,.htm,error,Error Messages for Component ID 0822
ps-2.kev009.com,tl/techlib/manuals/adoclib/aixprob/msgdnref/err1254.htm,2135,.htm,error,Error Message for Component ID 1254
ps-2.kev009.com,tl/techlib/manuals/adoclib/aixprob/msgdnref/err1356.htm,3771,.htm,error,Error Messages for Component ID 1356
ps-2.kev009.com,tl/techlib/manuals/adoclib/aixprob/msgdnref/err1362.htm,1654,.htm,error,Error Message for Component ID 1362
ps-2.kev009.com,tl/techlib/manuals/adoclib/aixprob/msgdnref/err1390.htm,1890,.htm,error,Error Messages for Component ID 1390
ps-2.kev009.com,tl/techlib/manuals/adoclib/aixprob/msgdnref/err1800.htm,11554,.htm,error,Error Messages for Component ID 1800
ps-2.kev009.com,tl/techlib/manuals/adoclib/aixprob/msgdnref/err1820.htm,4421,.htm,error,Error Messages for Component ID 1820
ps-2.kev009.com,tl/techlib/manuals/adoclib/aixprob/msgdnref/err1831.htm,1917,.htm,error,Error Messages for Component ID 1831
ps-2.kev009.com,tl/techlib/manuals/adoclib/aixprob/msgdnref/err3001.htm,2030,.htm,error,Error Message for Component ID 3001
ps-2.kev009.com,tl/techlib/manuals/adoclib/aixprob/msgdnref/err3004.htm,36157,.htm,error,Error Messages for Component ID 3004
ps-2.kev009.com,tl/techlib/manuals/adoclib/aixprob/msgdnref/errmessa.htm,7568,.htm,error,Appendix A. Error Message Acronyms
ps-2.kev009.com,tl/techlib/manuals/adoclib/aixprob/msgdnref/errmessi.htm,9455,.htm,error,Appendix B. Error Message Index
ps-2.kev009.com,tl/techlib/manuals/adoclib/aixprob/msgdnref/examcmds.htm,4679,.htm,error,Examining Commands for Possible Error Message Solutions
ps-2.kev009.com,tl/techlib/manuals/adoclib/aixprob/msgdnref/specprgs.htm,2468,.htm,error,Error Messages for Specific Programs
ps-2.kev009.com,tl/techlib/manuals/adoclib/aixprob/prbslvgd/ateerrid.htm,4715,.htm,error,ATE Error Identifiers for the Error Log
ps-2.kev009.com,tl/techlib/manuals/adoclib/aixprob/prbslvgd/badisker.htm,4410,.htm,error,BADISK Error Identifiers for the Error Log
ps-2.kev009.com,tl/techlib/manuals/adoclib/aixprob/prbslvgd/c327erri.htm,4510,.htm,error,C327 Error Identifiers for the Error Log
ps-2.kev009.com,tl/techlib/manuals/adoclib/aixprob/prbslvgd/cdromerr.htm,9090,.htm,error,"CD-ROM, DISK, and R/W OPTICAL Error Identifiers for the Error Log"
ps-2.kev009.com,tl/techlib/manuals/adoclib/aixprob/prbslvgd/chrperri.htm,6269,.htm,error,CHRP Error Identifiers for the Error Log
ps-2.kev009.com,tl/techlib/manuals/adoclib/aixprob/prbslvgd/comerrid.htm,14828,.htm,error,COM Error Identifiers for the Error Log
ps-2.kev009.com,tl/techlib/manuals/adoclib/aixprob/prbslvgd/cxmaerri.htm,6057,.htm,error,CXMA (128-port) Error Identifiers for the Error Log
ps-2.kev009.com,tl/techlib/manuals/adoclib/aixprob/prbslvgd/disketer.htm,4407,.htm,error,DISKETTE Error Identifiers for the Error Log
ps-2.kev009.com,tl/techlib/manuals/adoclib/aixprob/prbslvgd/enterrid.htm,5694,.htm,error,ENT Error Identifiers for the Error Log
ps-2.kev009.com,tl/techlib/manuals/adoclib/aixprob/prbslvgd/epowerri.htm,3231,.htm,error,EPOW Error Identifiers for the Error Log
ps-2.kev009.com,tl/techlib/manuals/adoclib/aixprob/prbslvgd/errids4e.htm,5190,.htm,error,Appendix C. Error Identifiers for the Error Log
ps-2.kev009.com,tl/techlib/manuals/adoclib/aixprob/prbslvgd/errlogal.htm,3345,.htm,error,Error Logging and Alerts
ps-2.kev009.com,tl/techlib/manuals/adoclib/aixprob/prbslvgd/errlogan.htm,6827,.htm,error,Periodic Diagnostics and Automatic Error Log Analysis
ps-2.kev009.com,tl/techlib/manuals/adoclib/aixprob/prbslvgd/errlogco.htm,12366,.htm,error,Error Logging Controls
ps-2.kev009.com,tl/techlib/manuals/adoclib/aixprob/prbslvgd/errloger.htm,2292,.htm,error,ERRLOG Error Identifiers for the Error Log
ps-2.kev009.com,tl/techlib/manuals/adoclib/aixprob/prbslvgd/errlogfa.htm,3303,.htm,error,Chapter 10. Error Logging Facility
ps-2.kev009.com,tl/techlib/manuals/adoclib/aixprob/prbslvgd/errlogts.htm,32574,.htm,error,Error Logging Tasks
ps-2.kev009.com,tl/techlib/manuals/adoclib/aixprob/prbslvgd/euerrids.htm,5029,.htm,error,EU Error Identifiers for the Error Log
ps-2.kev009.com,tl/techlib/manuals/adoclib/aixprob/prbslvgd/grapherr.htm,66524,.htm,error,Graphics Subsystem Error Identifiers for the Error Log
ps-2.kev009.com,tl/techlib/manuals/adoclib/aixprob/prbslvgd/hconerri.htm,7923,.htm,error,HCON Error Identifiers for the Error Log
ps-2.kev009.com,tl/techlib/manuals/adoclib/aixprob/prbslvgd/ideerrid.htm,3846,.htm,error,IDE Error Identifiers for the Error Log
ps-2.kev009.com,tl/techlib/manuals/adoclib/aixprob/prbslvgd/intether.htm,7867,.htm,error,Integrated Ethernet Error Identifiers for the Error Log
ps-2.kev009.com,tl/techlib/manuals/adoclib/aixprob/prbslvgd/lionerri.htm,4360,.htm,error,LION Error Identifiers for the Error Log
ps-2.kev009.com,tl/techlib/manuals/adoclib/aixprob/prbslvgd/logoverv.htm,6033,.htm,error,Error Logging Overview
ps-2.kev009.com,tl/techlib/manuals/adoclib/aixprob/prbslvgd/lvmerrid.htm,14689,.htm,error,LVM Error Identifiers for the Error Log
ps-2.kev009.com,tl/techlib/manuals/adoclib/aixprob/prbslvgd/machchke.htm,3016,.htm,error,MACHINE CHECK Error Identifiers for the Error Log
ps-2.kev009.com,tl/techlib/manuals/adoclib/aixprob/prbslvgd/manerrlo.htm,13874,.htm,error,Managing Error Logging
ps-2.kev009.com,tl/techlib/manuals/adoclib/aixprob/prbslvgd/memerrid.htm,3794,.htm,error,MEM Error Identifiers for the Error Log
ps-2.kev009.com,tl/techlib/manuals/adoclib/aixprob/prbslvgd/messacro.htm,7812,.htm,error,Appendix A. Error Message Acronyms
ps-2.kev009.com,tl/techlib/manuals/adoclib/aixprob/prbslvgd/miscerri.htm,13431,.htm,error,Miscellaneous Error Identifiers for the Error Log
ps-2.kev009.com,tl/techlib/manuals/adoclib/aixprob/prbslvgd/mpqperri.htm,11579,.htm,error,MPQP Error Identifiers for the Error Log
ps-2.kev009.com,tl/techlib/manuals/adoclib/aixprob/prbslvgd/mslaerri.htm,4984,.htm,error,MSLA Error Identifiers for the Error Log
ps-2.kev009.com,tl/techlib/manuals/adoclib/aixprob/prbslvgd/netbiose.htm,14886,.htm,error,NETBIOS Error Identifiers for the Error Log
ps-2.kev009.com,tl/techlib/manuals/adoclib/aixprob/prbslvgd/pslaerri.htm,4371,.htm,error,PSLA Error Identifiers for the Error Log
ps-2.kev009.com,tl/techlib/manuals/adoclib/aixprob/prbslvgd/reccerri.htm,3726,.htm,error,RECOV ECC Error Identifiers for the Error Log
ps-2.kev009.com,tl/techlib/manuals/adoclib/aixprob/prbslvgd/rserrids.htm,4469,.htm,error,RS Error Identifiers for the Error Log
ps-2.kev009.com,tl/techlib/manuals/adoclib/aixprob/prbslvgd/scsierri.htm,8101,.htm,error,SCSI Error Identifiers for the Error Log
ps-2.kev009.com,tl/techlib/manuals/adoclib/aixprob/prbslvgd/sderrids.htm,5517,.htm,error,SD Error Identifiers for the Error Log
ps-2.kev009.com,tl/techlib/manuals/adoclib/aixprob/prbslvgd/slaerrid.htm,6716,.htm,error,SLA Error Identifiers for the Error Log
ps-2.kev009.com,tl/techlib/manuals/adoclib/aixprob/prbslvgd/snaerrid.htm,8268,.htm,error,SNA Error Identifiers for the Error Log
ps-2.kev009.com,tl/techlib/manuals/adoclib/aixprob/prbslvgd/sys370er.htm,4818,.htm,error,System/370 Parallel Adapter Error Identifiers for the Error Log
ps-2.kev009.com,tl/techlib/manuals/adoclib/aixprob/prbslvgd/tapeerri.htm,6078,.htm,error,TAPE Error Identifiers for the Error Log
ps-2.kev009.com,tl/techlib/manuals/adoclib/aixprob/prbslvgd/tmscsier.htm,4402,.htm,error,TMSCSI Error Identifiers for the Error Log
ps-2.kev009.com,tl/techlib/manuals/adoclib/aixprob/prbslvgd/tokerrid.htm,13328,.htm,error,TOK Error Identifiers for the Error Log
ps-2.kev009.com,tl/techlib/manuals/adoclib/aixprob/prbslvgd/ttyerrid.htm,4156,.htm,error,TTY Error Identifiers for the Error Log
ps-2.kev009.com,tl/techlib/manuals/adoclib/aixprob/prbslvgd/vcaerrid.htm,6328,.htm,error,VCA Error Identifiers for the Error Log
ps-2.kev009.com,tl/techlib/manuals/adoclib/aixprob/prbslvgd/x25errid.htm,19456,.htm,error,X25 Error Identifiers for the Error Log
ps-2.kev009.com,tl/techlib/manuals/adoclib/aixuser/aixqbeg/responde.htm,2319,.htm,error,Responding to Error Messages
ps-2.kev009.com,tl/techlib/manuals/adoclib/aixuser/aixqbeg/sysprobe.htm,2331,.htm,error,Chapter 8. System Problems and Error Messages
ps-2.kev009.com,tl/techlib/manuals/adoclib/aixuser/usrosdev/stdinput.htm,32379,.htm,error,"Standard Input, Standard Output, and Standard Error"
ps-2.kev009.com,tl/techlib/manuals/adoclib/fibr1063/1063gdrf/errorlog.htm,36841,.htm,error,Using Error Log and Trace Facilities in Sequence
ps-2.kev009.com,tl/techlib/manuals/adoclib/files/aixfiles/error.htm,5048,.htm,error,Error Logging Special Files
ps-2.kev009.com,tl/techlib/manuals/adoclib/libs/basetrf1/appendix.htm,3789,.htm,error,Appendix A. Base Operating System Error Codes for Services That Require Path-Name Resolution
ps-2.kev009.com,tl/techlib/manuals/adoclib/libs/basetrf1/appendiy.htm,9408,.htm,error,Appendix B. ODM Error Codes
ps-2.kev009.com,tl/techlib/manuals/adoclib/libs/basetrf2/appendix.htm,3990,.htm,error,Appendix A. Base Operating System Error Codes for Services That Require Path-Name Resolution
ps-2.kev009.com,tl/techlib/manuals/adoclib/libs/basetrf2/appendiy.htm,9657,.htm,error,Appendix B. ODM Error Codes
ps-2.kev009.com,tl/techlib/manuals/adoclib/libs/ktechrf2/error.htm,7740,.htm,error,Error Conditions for Serial DASD Subroutines
ps-2.kev009.com,tl/techlib/qna/faxes/html/anz/anz10.htm,4627,.htm,error,"""Tape Not in Backup Format"" Error"
ps-2.kev009.com,tl/techlib/qna/faxes/html/anz/anz6.htm,5010,.htm,error,"""Lexical Error"" Message from installp"
ps-2.kev009.com,tl/techlib/qna/faxes/html/cmd/cmd48.htm,2337,.htm,error,"Unable to Add Users, Error Message 3004-687"
ps-2.kev009.com,tl/techlib/qna/faxes/html/krn/krn13.htm,4387,.htm,error,Understanding Console Error Report Entries
ps-2.kev009.com,tl/techlib/qna/faxes/html/krn/krn21.htm,2687,.htm,error,"Recovery from ""Volume Group Locked"" Error Message"
ps-2.kev009.com,tl/techlib/qna/faxes/html/zap/zap26.htm,17258,.htm,error,Error Log Information and TTY Log Identifiers
ps-2.kev009.com,tl/techlib/qna/faxes/html/zap/zap74.htm,19880,.htm,error,AIX Printer Tips: Frequent Error Messages
ps-2.kev009.com,tl/techlib/qna/faxes/html/zap/zap8.htm,1485,.htm,error,TTY HOG Error
ps-2.kev009.com,tl/techlib/qna/wwqa/html/IGE/rta64446.htm,40507,.htm,error,Malloc differences/error
ps-2.kev009.com,tl/techlib/qna/wwqa/html/IGE/rta71047.htm,4119,.htm,error,Error notify Object Class and Error ID
ps-2.kev009.com,tl/techlib/qna/wwqa/html/IGE/rta86353.htm,5351,.htm,error,Error log output from diagnostics/run ela ?????
ps-2.kev009.com,tl/techlib/qna/wwqa/html/IHA/rta66564.htm,10167,.htm,error,Error demon dies abnormally
ps-2.kev009.com,tl/techlib/qna/wwqa/html/IHA/rta72490.htm,10207,.htm,error,Problems with HACMP Error Notification Function
ps-2.kev009.com,tl/techlib/qna/wwqa/html/INV/rta66578.htm,5329,.htm,error,Service Point Error message 0105-726
ps-2.kev009.com,tl/techlib/qna/wwqa/html/NWAYS/rta50224.htm,6564,.htm,error,Nways manager. Error message calling for libtt.a
ps-2.kev009.com,tl/techlib/qna/wwqa/html/NWAYS/rta51038.htm,6584,.htm,not found,Needs assistance with Nways campus install(java:not found)
ps-2.kev009.com,tl/techlib/qna/wwqa/html/RISCCOM/rta27378.htm,3761,.htm,error,"NFS problem with AIX 3.1.5 ERROR MESSAGE 0403-015, ATTEMPTING TO RUN A FORTRAN PROGRAM ACROSS NFS ON AIX"
ps-2.kev009.com,tl/techlib/qna/wwqa/html/RISCCOM/rta51848.htm,11407,.htm,forbidden,"Mount remote filesystem, permission denied"
ps-2.kev009.com,tl/techlib/qna/wwqa/html/RISCDCE/rta38028.htm,5089,.htm,error,CICS/6000: RECEIVING ERROR MESSAGE WHILE TRYING TO BRING UP DCE SECURITY SERVER.
ps-2.kev009.com,tl/techlib/qna/wwqa/html/RISCL/rta47128.htm,8949,.htm,error,"XLF VERSION 3, LIBPATH ERROR"
ps-2.kev009.com,tl/techlib/qna/wwqa/html/RISCO/rta38149.htm,3952,.htm,error,ERROR MESSAGE WHILE TRYING TO USE RANLIB COMMAND...NEED HELP INTERPRETING IT...
ps-2.kev009.com,tl/techlib/qna/wwqa/html/RISCOC/rta28872.htm,6530,.htm,error,GET ERROR MESSAGE WHEN I RUN MAN
ps-2.kev009.com,tl/techlib/qna/wwqa/html/RISCPRT/rta25639.htm,2919,.htm,error,PRINTING ERROR WHEN PRINTING TO A 4033 ATTACHED
ps-2.kev009.com,tl/techlib/qna/wwqa/html/RISCPRT/rta29290.htm,2907,.htm,error,ERROR INITIALIZING DEVICE INTO THE KERNEL
ps-2.kev009.com,tl/techlib/qna/wwqa/html/RISCSNA/rta52257.htm,2905,.htm,error,WHAT IS SENSE CODE 08090001 - XID ERROR?
ps-2.kev009.com,tl/techlib/qna/wwqa/html/RISCTCP/rta27354.htm,4091,.htm,error,"""CAN'T OPEN DISPLAY"" ERROR"
ps-2.kev009.com,tl/techlib/qna/wwqa/html/XPSF/rta07534.htm,6608,.htm,error,"PSF/AIX: error 0423-107, 0420-052 rc=9 when printing to an AIX printer"
ps-2.kev009.com,tl/techlib/qna/wwqa/html/XPSF/rta53081.htm,5348,.htm,error,PSF for AIX: Where does it send error messages?
ps-2.kev009.com,tl/techlib/qna/wwqa/html/XPSF/rta93160.htm,2922,.htm,error,Has the error been fixed so that my customer can
ps-2.kev009.com,tl/techlib/qna/wwqa/html/rs416652.htm,12540,.htm,not found,OVwAlertMsg() error:OVw APP NOT FOUND
ps-2.kev009.com,wisclibrary/aix51/usr/share/man/info/en_US/a_doc_lib/aixbman/nisplus/trbl_notfound.htm,8436,.htm,not found,Network Information Services (NIS and NIS+) Guide - Troubleshooting Object Not Found Problems
ps-2.kev009.com,wisclibrary/aix51/usr/share/man/info/en_US/a_doc_lib/aixins/aixinsgd/system_error_msgs.htm,49527,.htm,error,Installation Guide - Acting on System and Error Messages
ps-2.kev009.com,wisclibrary/aix51/usr/share/man/info/en_US/a_doc_lib/aixins/aixnimgd/error_messages.htm,217862,.htm,error,Network Installation Management Guide and Reference - Chapter 10. Error and Warning Messages
ps-2.kev009.com,wisclibrary/aix51/usr/share/man/info/en_US/a_doc_lib/aixprggd/genprogc/errlogcont.htm,13244,.htm,error,General Programming Concepts: Writing and Debugging Programs - Error Logging Controls
ps-2.kev009.com,wisclibrary/aix51/usr/share/man/info/en_US/a_doc_lib/aixprggd/genprogc/errlogfac.htm,4633,.htm,error,General Programming Concepts: Writing and Debugging Programs - Error Logging Facility
ps-2.kev009.com,wisclibrary/aix51/usr/share/man/info/en_US/a_doc_lib/aixprggd/genprogc/errlogtsks.htm,33956,.htm,error,General Programming Concepts: Writing and Debugging Programs - Error Logging Tasks
ps-2.kev009.com,wisclibrary/aix51/usr/share/man/info/en_US/a_doc_lib/aixprggd/genprogc/error_notice.htm,15459,.htm,error,General Programming Concepts: Writing and Debugging Programs - Chapter 4. Error Notification
ps-2.kev009.com,wisclibrary/aix51/usr/share/man/info/en_US/a_doc_lib/aixprggd/genprogc/logoverview.htm,6896,.htm,error,General Programming Concepts: Writing and Debugging Programs - Error Logging Overview
ps-2.kev009.com,wisclibrary/aix51/usr/share/man/info/en_US/a_doc_lib/aixprggd/genprogc/manerrlog.htm,17122,.htm,error,General Programming Concepts: Writing and Debugging Programs - Managing Error Logging
ps-2.kev009.com,wisclibrary/aix51/usr/share/man/info/en_US/a_doc_lib/aixprggd/progcomc/snmp_error_ex.htm,5389,.htm,error,Communications Programming Concepts - SMUX Error Logging Subroutines Examples
ps-2.kev009.com,wisclibrary/aix51/usr/share/man/info/en_US/a_doc_lib/aixuser/usrosdev/std_input_output.htm,29926,.htm,error,"System User's Guide: Operating System and Devices - Standard Input, Standard Output, and Standard Error"
ps-2.kev009.com,wisclibrary/aix51/usr/share/man/info/en_US/a_doc_lib/files/aixfiles/Error.htm,6342,.htm,error,Files Reference - Error Logging Special Files
ps-2.kev009.com,wisclibrary/aix51/usr/share/man/info/en_US/a_doc_lib/libs/basetrf2/AppendixA.htm,5474,.htm,error,"Technical Reference: Base Operating System and Extensions , Volume 2 - Appendix A. Base Operating System Error"
ps-2.kev009.com,wisclibrary/aix51/usr/share/man/info/en_US/a_doc_lib/libs/basetrf2/AppendixB.htm,11240,.htm,error,"Technical Reference: Base Operating System and Extensions , Volume 2 - Appendix B. ODM Error Codes"
ps-2.kev009.com,wisclibrary/aix52/usr/share/man/info/en_US/a_doc_lib/aixbman/nisplus/trbl_notfound.htm,9790,.htm,not found,Network Information Services (NIS and NIS+) Guide - Troubleshooting Object Not Found Problems
ps-2.kev009.com,wisclibrary/aix52/usr/share/man/info/en_US/a_doc_lib/aixins/insgdrf/error_messages.htm,186857,.htm,error,Installation Guide and Reference - Error and Warning Messages
ps-2.kev009.com,wisclibrary/aix52/usr/share/man/info/en_US/a_doc_lib/aixins/insgdrf/system_error_msgs.htm,54133,.htm,error,Installation Guide and Reference - Acting on System and Error Messages
ps-2.kev009.com,wisclibrary/aix52/usr/share/man/info/en_US/a_doc_lib/aixprggd/diagunsd/Feature_Diagela.htm,8393,.htm,error,Understanding the Diagnostic Subsystem for AIX - Automatic Error Log Analysis (DIAGELA)
ps-2.kev009.com,wisclibrary/aix52/usr/share/man/info/en_US/a_doc_lib/aixprggd/diagunsd/Feature_ELA.htm,4594,.htm,error,Understanding the Diagnostic Subsystem for AIX - Error Log Analysis
ps-2.kev009.com,wisclibrary/aix52/usr/share/man/info/en_US/a_doc_lib/aixprggd/diagunsd/TU_Diagtest.htm,3318,.htm,error,Understanding the Diagnostic Subsystem for AIX - Enhanced Error Handling Option
ps-2.kev009.com,wisclibrary/aix52/usr/share/man/info/en_US/a_doc_lib/aixprggd/genprogc/errlogalrts.htm,4481,.htm,error,General Programming Concepts: Writing and Debugging Programs - Error Logging and Alerts
ps-2.kev009.com,wisclibrary/aix52/usr/share/man/info/en_US/a_doc_lib/aixprggd/genprogc/errlogcont.htm,10303,.htm,error,General Programming Concepts: Writing and Debugging Programs - Error Logging Controls
ps-2.kev009.com,wisclibrary/aix52/usr/share/man/info/en_US/a_doc_lib/aixprggd/genprogc/errlogfac.htm,4387,.htm,error,General Programming Concepts: Writing and Debugging Programs - Error-Logging Facility
ps-2.kev009.com,wisclibrary/aix52/usr/share/man/info/en_US/a_doc_lib/aixprggd/genprogc/errlogtsks.htm,29633,.htm,error,General Programming Concepts: Writing and Debugging Programs - Error Logging Tasks
ps-2.kev009.com,wisclibrary/aix52/usr/share/man/info/en_US/a_doc_lib/aixprggd/genprogc/error_notice.htm,14678,.htm,error,General Programming Concepts: Writing and Debugging Programs - Error Notification
ps-2.kev009.com,wisclibrary/aix52/usr/share/man/info/en_US/a_doc_lib/aixprggd/genprogc/logoverview.htm,7583,.htm,error,General Programming Concepts: Writing and Debugging Programs - Error-Logging Overview
ps-2.kev009.com,wisclibrary/aix52/usr/share/man/info/en_US/a_doc_lib/aixprggd/genprogc/manerrlog.htm,17366,.htm,error,General Programming Concepts: Writing and Debugging Programs - Managing Error Logging
ps-2.kev009.com,wisclibrary/aix52/usr/share/man/info/en_US/a_doc_lib/aixprggd/kernextc/error_log.htm,26710,.htm,error,Kernel Extensions and Device Support Programming Concepts - Error Logging
ps-2.kev009.com,wisclibrary/aix52/usr/share/man/info/en_US/a_doc_lib/aixprggd/kernextc/fcp_error.htm,18071,.htm,error,Kernel Extensions and Device Support Programming Concepts - FCP and iSCSI Error Recovery
ps-2.kev009.com,wisclibrary/aix52/usr/share/man/info/en_US/a_doc_lib/aixprggd/kernextc/ide_error.htm,6697,.htm,error,Kernel Extensions and Device Support Programming Concepts - IDE Error Recovery
ps-2.kev009.com,wisclibrary/aix52/usr/share/man/info/en_US/a_doc_lib/aixprggd/kernextc/scsi_error_rec.htm,17067,.htm,error,Kernel Extensions and Device Support Programming Concepts - SCSI Error Recovery
ps-2.kev009.com,wisclibrary/aix52/usr/share/man/info/en_US/a_doc_lib/aixprggd/progcomc/snmp_error_ex.htm,5514,.htm,error,Communications Programming Concepts - SMUX Error Logging Subroutines Examples
ps-2.kev009.com,wisclibrary/aix52/usr/share/man/info/en_US/a_doc_lib/aixuser/usrosdev/std_input_output.htm,31216,.htm,error,"System User's Guide: Operating System and Devices - Standard Input, Standard Output, and Standard Error"
ps-2.kev009.com,wisclibrary/aix52/usr/share/man/info/en_US/a_doc_lib/files/aixfiles/Error.htm,6469,.htm,error,Files Reference - Error Logging Special Files
ps-2.kev009.com,wisclibrary/aix52/usr/share/man/info/en_US/a_doc_lib/libs/basetrf1/AppendixA.htm,5105,.htm,error,"Technical Reference: Base Operating System and Extensions, Volume 1 - Base Operating System Error Codes for Se"
ps-2.kev009.com,wisclibrary/aix52/usr/share/man/info/en_US/a_doc_lib/libs/basetrf1/AppendixB.htm,10011,.htm,error,"Technical Reference: Base Operating System and Extensions, Volume 1 - ODM Error Codes"
ps-2.kev009.com,wisclibrary/aix52/usr/share/man/info/en_US/a_doc_lib/libs/basetrf2/AppendixA.htm,5376,.htm,error,"Technical Reference: Base Operating System and Extensions, Volume 2 - Base Operating System Error Codes for Se"
ps-2.kev009.com,wisclibrary/aix52/usr/share/man/info/en_US/a_doc_lib/libs/basetrf2/AppendixB.htm,10382,.htm,error,"Technical Reference: Base Operating System and Extensions, Volume 2 - ODM Error Codes"
ps-2.kev009.com,wisclibrary/aix52/usr/share/man/info/en_US/a_doc_lib/libs/ktechrf2/Error.htm,9549,.htm,error,"Technical Reference: Kernel and Subsystems, Volume 2 - Error Conditions for Serial DASD Subroutines"
ps-2.kev009.com,wisclibrary/techlib/manuals/adoclib/3270hcon/hconugd/filtrant.htm,39281,.htm,error,File Transfer Error Codes
ps-2.kev009.com,wisclibrary/techlib/manuals/adoclib/aixins/aixinsgd/installp.htm,9819,.htm,error,Error Messages and Output from the installp Command
ps-2.kev009.com,wisclibrary/techlib/manuals/adoclib/aixins/aixinsgd/systemer.htm,50687,.htm,error,Chapter 12. Acting on System and Error Messages
ps-2.kev009.com,wisclibrary/techlib/manuals/adoclib/aixins/aixnimgd/errormes.htm,213461,.htm,error,Chapter 10. Error and Warning Messages
ps-2.kev009.com,wisclibrary/techlib/manuals/adoclib/aixprggd/diagunsd/featured.htm,3207,.htm,error,Automatic Error Log Analysis (DIAGELA)
ps-2.kev009.com,wisclibrary/techlib/manuals/adoclib/aixprggd/diagunsd/featuree.htm,2665,.htm,error,Error Log Analysis
ps-2.kev009.com,wisclibrary/techlib/manuals/adoclib/aixprggd/genprogc/errornot.htm,16169,.htm,error,Chapter 4. Error Notification
ps-2.kev009.com,wisclibrary/techlib/manuals/adoclib/aixprggd/kernextc/errorlog.htm,33541,.htm,error,Error Logging
ps-2.kev009.com,wisclibrary/techlib/manuals/adoclib/aixprggd/kernextc/errormsg.htm,5605,.htm,error,Error Messages for the Kernel Debug Program
ps-2.kev009.com,wisclibrary/techlib/manuals/adoclib/aixprggd/kernextc/ideerror.htm,5822,.htm,error,IDE Error Recovery
ps-2.kev009.com,wisclibrary/techlib/manuals/adoclib/aixprggd/kernextc/scsierro.htm,14915,.htm,error,SCSI Error Recovery
ps-2.kev009.com,wisclibrary/techlib/manuals/adoclib/aixprggd/progcomc/snmperro.htm,4168,.htm,error,SMUX Error Logging Subroutines Examples
ps-2.kev009.com,wisclibrary/techlib/manuals/adoclib/aixprob/msgdnref/err0105.htm,2235,.htm,error,Error Messages for Component ID 0105
ps-2.kev009.com,wisclibrary/techlib/manuals/adoclib/aixprob/msgdnref/err0402.htm,10878,.htm,error,Error Messages for Component ID 0402
ps-2.kev009.com,wisclibrary/techlib/manuals/adoclib/aixprob/msgdnref/err0403.htm,3834,.htm,error,Error Messages for Component ID 0403
ps-2.kev009.com,wisclibrary/techlib/manuals/adoclib/aixprob/msgdnref/err0460.htm,1855,.htm,error,Error Messages for Component ID 0460
ps-2.kev009.com,wisclibrary/techlib/manuals/adoclib/aixprob/msgdnref/err0481.htm,25915,.htm,error,Error Messages for Component ID 0481
ps-2.kev009.com,wisclibrary/techlib/manuals/adoclib/aixprob/msgdnref/err0503.htm,3959,.htm,error,Error Messages for Component ID 0503
ps-2.kev009.com,wisclibrary/techlib/manuals/adoclib/aixprob/msgdnref/err0506.htm,10021,.htm,error,Error Messages for Component ID 0506
ps-2.kev009.com,wisclibrary/techlib/manuals/adoclib/aixprob/msgdnref/err0509.htm,17069,.htm,error,Error Messages for Component ID 0509
ps-2.kev009.com,wisclibrary/techlib/manuals/adoclib/aixprob/msgdnref/err0511.htm,22696,.htm,error,Error Messages for Component ID 0511
ps-2.kev009.com,wisclibrary/techlib/manuals/adoclib/aixprob/msgdnref/err0512.htm,4345,.htm,error,Error Messages for Component ID 0512
ps-2.kev009.com,wisclibrary/techlib/manuals/adoclib/aixprob/msgdnref/err0513.htm,8103,.htm,error,Error Messages for Component ID 0513
ps-2.kev009.com,wisclibrary/techlib/manuals/adoclib/aixprob/msgdnref/err0514.htm,19396,.htm,error,Error Messages for Component ID 0514
ps-2.kev009.com,wisclibrary/techlib/manuals/adoclib/aixprob/msgdnref/err0516.htm,27286,.htm,error,Error Messages for Component ID 0516
ps-2.kev009.com,wisclibrary/techlib/manuals/adoclib/aixprob/msgdnref/err0519.htm,2933,.htm,error,Error Messages for Component ID 0519
ps-2.kev009.com,wisclibrary/techlib/manuals/adoclib/aixprob/msgdnref/err0551.htm,16139,.htm,error,Error Messages for Component ID 0551
ps-2.kev009.com,wisclibrary/techlib/manuals/adoclib/aixprob/msgdnref/err0575.htm,2012,.htm,error,Error Messages for Component ID 0575
ps-2.kev009.com,wisclibrary/techlib/manuals/adoclib/aixprob/msgdnref/err0602.htm,1505,.htm,error,Error Message for Component ID 0602
ps-2.kev009.com,wisclibrary/techlib/manuals/adoclib/aixprob/msgdnref/err0652.htm,5963,.htm,error,Error Messages for Component ID 0652
ps-2.kev009.com,wisclibrary/techlib/manuals/adoclib/aixprob/msgdnref/err0653.htm,15957,.htm,error,Error Messages for Component ID 0653
ps-2.kev009.com,wisclibrary/techlib/manuals/adoclib/aixprob/msgdnref/err0703.htm,3267,.htm,error,Error Messages for Component ID 0703
ps-2.kev009.com,wisclibrary/techlib/manuals/adoclib/aixprob/msgdnref/err0706.htm,4231,.htm,error,Error Messages for Component ID 0706
ps-2.kev009.com,wisclibrary/techlib/manuals/adoclib/aixprob/msgdnref/err0781.htm,58345,.htm,error,Error Messages for Component ID 0781
ps-2.kev009.com,wisclibrary/techlib/manuals/adoclib/aixprob/msgdnref/err0782.htm,12946,.htm,error,Error Messages for Component ID 0782
ps-2.kev009.com,wisclibrary/techlib/manuals/adoclib/aixprob/msgdnref/err0789.htm,3068,.htm,error,Error Messages for Component ID 0789
ps-2.kev009.com,wisclibrary/techlib/manuals/adoclib/aixprob/msgdnref/err0791.htm,3006,.htm,error,Error Messages for Component ID 0791
ps-2.kev009.com,wisclibrary/techlib/manuals/adoclib/aixprob/msgdnref/err0803.htm,21063,.htm,error,Error Messages for Component ID 0803
ps-2.kev009.com,wisclibrary/techlib/manuals/adoclib/aixprob/msgdnref/err0821.htm,10384,.htm,error,Error Messages for Component ID 0821
ps-2.kev009.com,wisclibrary/techlib/manuals/adoclib/aixprob/msgdnref/err0822.htm,4642,.htm,error,Error Messages for Component ID 0822
ps-2.kev009.com,wisclibrary/techlib/manuals/adoclib/aixprob/msgdnref/err1254.htm,2173,.htm,error,Error Message for Component ID 1254
ps-2.kev009.com,wisclibrary/techlib/manuals/adoclib/aixprob/msgdnref/err1356.htm,3809,.htm,error,Error Messages for Component ID 1356
ps-2.kev009.com,wisclibrary/techlib/manuals/adoclib/aixprob/msgdnref/err1362.htm,1692,.htm,error,Error Message for Component ID 1362
ps-2.kev009.com,wisclibrary/techlib/manuals/adoclib/aixprob/msgdnref/err1390.htm,1928,.htm,error,Error Messages for Component ID 1390
ps-2.kev009.com,wisclibrary/techlib/manuals/adoclib/aixprob/msgdnref/err1800.htm,11592,.htm,error,Error Messages for Component ID 1800
ps-2.kev009.com,wisclibrary/techlib/manuals/adoclib/aixprob/msgdnref/err1820.htm,4459,.htm,error,Error Messages for Component ID 1820
ps-2.kev009.com,wisclibrary/techlib/manuals/adoclib/aixprob/msgdnref/err1831.htm,1955,.htm,error,Error Messages for Component ID 1831
ps-2.kev009.com,wisclibrary/techlib/manuals/adoclib/aixprob/msgdnref/err3001.htm,2068,.htm,error,Error Message for Component ID 3001
ps-2.kev009.com,wisclibrary/techlib/manuals/adoclib/aixprob/msgdnref/err3004.htm,36195,.htm,error,Error Messages for Component ID 3004
ps-2.kev009.com,wisclibrary/techlib/manuals/adoclib/aixprob/msgdnref/errmessa.htm,7606,.htm,error,Appendix A. Error Message Acronyms
ps-2.kev009.com,wisclibrary/techlib/manuals/adoclib/aixprob/msgdnref/errmessi.htm,9493,.htm,error,Appendix B. Error Message Index
ps-2.kev009.com,wisclibrary/techlib/manuals/adoclib/aixprob/msgdnref/examcmds.htm,4717,.htm,error,Examining Commands for Possible Error Message Solutions
ps-2.kev009.com,wisclibrary/techlib/manuals/adoclib/aixprob/msgdnref/specprgs.htm,2506,.htm,error,Error Messages for Specific Programs
ps-2.kev009.com,wisclibrary/techlib/manuals/adoclib/aixprob/prbslvgd/ateerrid.htm,4753,.htm,error,ATE Error Identifiers for the Error Log
ps-2.kev009.com,wisclibrary/techlib/manuals/adoclib/aixprob/prbslvgd/badisker.htm,4448,.htm,error,BADISK Error Identifiers for the Error Log
ps-2.kev009.com,wisclibrary/techlib/manuals/adoclib/aixprob/prbslvgd/c327erri.htm,4548,.htm,error,C327 Error Identifiers for the Error Log
ps-2.kev009.com,wisclibrary/techlib/manuals/adoclib/aixprob/prbslvgd/cdromerr.htm,9128,.htm,error,"CD-ROM, DISK, and R/W OPTICAL Error Identifiers for the Error Log"
ps-2.kev009.com,wisclibrary/techlib/manuals/adoclib/aixprob/prbslvgd/chrperri.htm,6307,.htm,error,CHRP Error Identifiers for the Error Log
ps-2.kev009.com,wisclibrary/techlib/manuals/adoclib/aixprob/prbslvgd/comerrid.htm,14866,.htm,error,COM Error Identifiers for the Error Log
ps-2.kev009.com,wisclibrary/techlib/manuals/adoclib/aixprob/prbslvgd/cxmaerri.htm,6095,.htm,error,CXMA (128-port) Error Identifiers for the Error Log
ps-2.kev009.com,wisclibrary/techlib/manuals/adoclib/aixprob/prbslvgd/disketer.htm,4445,.htm,error,DISKETTE Error Identifiers for the Error Log
ps-2.kev009.com,wisclibrary/techlib/manuals/adoclib/aixprob/prbslvgd/enterrid.htm,5732,.htm,error,ENT Error Identifiers for the Error Log
ps-2.kev009.com,wisclibrary/techlib/manuals/adoclib/aixprob/prbslvgd/epowerri.htm,3269,.htm,error,EPOW Error Identifiers for the Error Log
ps-2.kev009.com,wisclibrary/techlib/manuals/adoclib/aixprob/prbslvgd/errids4e.htm,5228,.htm,error,Appendix C. Error Identifiers for the Error Log
ps-2.kev009.com,wisclibrary/techlib/manuals/adoclib/aixprob/prbslvgd/errlogal.htm,3383,.htm,error,Error Logging and Alerts
ps-2.kev009.com,wisclibrary/techlib/manuals/adoclib/aixprob/prbslvgd/errlogan.htm,6865,.htm,error,Periodic Diagnostics and Automatic Error Log Analysis
ps-2.kev009.com,wisclibrary/techlib/manuals/adoclib/aixprob/prbslvgd/errlogco.htm,12404,.htm,error,Error Logging Controls
ps-2.kev009.com,wisclibrary/techlib/manuals/adoclib/aixprob/prbslvgd/errloger.htm,2330,.htm,error,ERRLOG Error Identifiers for the Error Log
ps-2.kev009.com,wisclibrary/techlib/manuals/adoclib/aixprob/prbslvgd/errlogfa.htm,3341,.htm,error,Chapter 10. Error Logging Facility
ps-2.kev009.com,wisclibrary/techlib/manuals/adoclib/aixprob/prbslvgd/errlogts.htm,32612,.htm,error,Error Logging Tasks
ps-2.kev009.com,wisclibrary/techlib/manuals/adoclib/aixprob/prbslvgd/euerrids.htm,5067,.htm,error,EU Error Identifiers for the Error Log
ps-2.kev009.com,wisclibrary/techlib/manuals/adoclib/aixprob/prbslvgd/grapherr.htm,66562,.htm,error,Graphics Subsystem Error Identifiers for the Error Log
ps-2.kev009.com,wisclibrary/techlib/manuals/adoclib/aixprob/prbslvgd/hconerri.htm,7961,.htm,error,HCON Error Identifiers for the Error Log
ps-2.kev009.com,wisclibrary/techlib/manuals/adoclib/aixprob/prbslvgd/ideerrid.htm,3884,.htm,error,IDE Error Identifiers for the Error Log
ps-2.kev009.com,wisclibrary/techlib/manuals/adoclib/aixprob/prbslvgd/intether.htm,7905,.htm,error,Integrated Ethernet Error Identifiers for the Error Log
ps-2.kev009.com,wisclibrary/techlib/manuals/adoclib/aixprob/prbslvgd/lionerri.htm,4398,.htm,error,LION Error Identifiers for the Error Log
ps-2.kev009.com,wisclibrary/techlib/manuals/adoclib/aixprob/prbslvgd/logoverv.htm,6071,.htm,error,Error Logging Overview
ps-2.kev009.com,wisclibrary/techlib/manuals/adoclib/aixprob/prbslvgd/lvmerrid.htm,14727,.htm,error,LVM Error Identifiers for the Error Log
ps-2.kev009.com,wisclibrary/techlib/manuals/adoclib/aixprob/prbslvgd/machchke.htm,3054,.htm,error,MACHINE CHECK Error Identifiers for the Error Log
ps-2.kev009.com,wisclibrary/techlib/manuals/adoclib/aixprob/prbslvgd/manerrlo.htm,13912,.htm,error,Managing Error Logging
ps-2.kev009.com,wisclibrary/techlib/manuals/adoclib/aixprob/prbslvgd/memerrid.htm,3832,.htm,error,MEM Error Identifiers for the Error Log
ps-2.kev009.com,wisclibrary/techlib/manuals/adoclib/aixprob/prbslvgd/messacro.htm,7850,.htm,error,Appendix A. Error Message Acronyms
ps-2.kev009.com,wisclibrary/techlib/manuals/adoclib/aixprob/prbslvgd/miscerri.htm,13469,.htm,error,Miscellaneous Error Identifiers for the Error Log
ps-2.kev009.com,wisclibrary/techlib/manuals/adoclib/aixprob/prbslvgd/mpqperri.htm,11617,.htm,error,MPQP Error Identifiers for the Error Log
ps-2.kev009.com,wisclibrary/techlib/manuals/adoclib/aixprob/prbslvgd/mslaerri.htm,5022,.htm,error,MSLA Error Identifiers for the Error Log
ps-2.kev009.com,wisclibrary/techlib/manuals/adoclib/aixprob/prbslvgd/netbiose.htm,14924,.htm,error,NETBIOS Error Identifiers for the Error Log
ps-2.kev009.com,wisclibrary/techlib/manuals/adoclib/aixprob/prbslvgd/pslaerri.htm,4409,.htm,error,PSLA Error Identifiers for the Error Log
ps-2.kev009.com,wisclibrary/techlib/manuals/adoclib/aixprob/prbslvgd/reccerri.htm,3764,.htm,error,RECOV ECC Error Identifiers for the Error Log
ps-2.kev009.com,wisclibrary/techlib/manuals/adoclib/aixprob/prbslvgd/rserrids.htm,4507,.htm,error,RS Error Identifiers for the Error Log
ps-2.kev009.com,wisclibrary/techlib/manuals/adoclib/aixprob/prbslvgd/scsierri.htm,8139,.htm,error,SCSI Error Identifiers for the Error Log
ps-2.kev009.com,wisclibrary/techlib/manuals/adoclib/aixprob/prbslvgd/sderrids.htm,5555,.htm,error,SD Error Identifiers for the Error Log
ps-2.kev009.com,wisclibrary/techlib/manuals/adoclib/aixprob/prbslvgd/slaerrid.htm,6754,.htm,error,SLA Error Identifiers for the Error Log
ps-2.kev009.com,wisclibrary/techlib/manuals/adoclib/aixprob/prbslvgd/snaerrid.htm,8306,.htm,error,SNA Error Identifiers for the Error Log
ps-2.kev009.com,wisclibrary/techlib/manuals/adoclib/aixprob/prbslvgd/sys370er.htm,4856,.htm,error,System/370 Parallel Adapter Error Identifiers for the Error Log
ps-2.kev009.com,wisclibrary/techlib/manuals/adoclib/aixprob/prbslvgd/tapeerri.htm,6116,.htm,error,TAPE Error Identifiers for the Error Log
ps-2.kev009.com,wisclibrary/techlib/manuals/adoclib/aixprob/prbslvgd/tmscsier.htm,4440,.htm,error,TMSCSI Error Identifiers for the Error Log
ps-2.kev009.com,wisclibrary/techlib/manuals/adoclib/aixprob/prbslvgd/tokerrid.htm,13366,.htm,error,TOK Error Identifiers for the Error Log
ps-2.kev009.com,wisclibrary/techlib/manuals/adoclib/aixprob/prbslvgd/ttyerrid.htm,4194,.htm,error,TTY Error Identifiers for the Error Log
ps-2.kev009.com,wisclibrary/techlib/manuals/adoclib/aixprob/prbslvgd/vcaerrid.htm,6366,.htm,error,VCA Error Identifiers for the Error Log
ps-2.kev009.com,wisclibrary/techlib/manuals/adoclib/aixprob/prbslvgd/x25errid.htm,19494,.htm,error,X25 Error Identifiers for the Error Log
ps-2.kev009.com,wisclibrary/techlib/manuals/adoclib/aixuser/aixqbeg/responde.htm,2357,.htm,error,Responding to Error Messages
ps-2.kev009.com,wisclibrary/techlib/manuals/adoclib/aixuser/aixqbeg/sysprobe.htm,2369,.htm,error,Chapter 8. System Problems and Error Messages
ps-2.kev009.com,wisclibrary/techlib/manuals/adoclib/aixuser/usrosdev/stdinput.htm,32417,.htm,error,"Standard Input, Standard Output, and Standard Error"
ps-2.kev009.com,wisclibrary/techlib/manuals/adoclib/fibr1063/1063gdrf/errorlog.htm,36879,.htm,error,Using Error Log and Trace Facilities in Sequence
ps-2.kev009.com,wisclibrary/techlib/manuals/adoclib/files/aixfiles/error.htm,5086,.htm,error,Error Logging Special Files
ps-2.kev009.com,wisclibrary/techlib/manuals/adoclib/libs/basetrf1/appendix.htm,3827,.htm,error,Appendix A. Base Operating System Error Codes for Services That Require Path-Name Resolution
ps-2.kev009.com,wisclibrary/techlib/manuals/adoclib/libs/basetrf1/appendiy.htm,9446,.htm,error,Appendix B. ODM Error Codes
ps-2.kev009.com,wisclibrary/techlib/manuals/adoclib/libs/basetrf2/appendix.htm,4028,.htm,error,Appendix A. Base Operating System Error Codes for Services That Require Path-Name Resolution
ps-2.kev009.com,wisclibrary/techlib/manuals/adoclib/libs/basetrf2/appendiy.htm,9695,.htm,error,Appendix B. ODM Error Codes
ps-2.kev009.com,wisclibrary/techlib/manuals/adoclib/libs/ktechrf2/error.htm,7778,.htm,error,Error Conditions for Serial DASD Subroutines
ps-2.kev009.com,wisclibrary/techlib/qna/faxes/html/anz/anz109.htm,1932,.htm,error,inutoc Error after Fixes Manually Copied to Hard Disk
ps-2.kev009.com,wisclibrary/techlib/qna/faxes/html/anz/anz110.htm,1327,.htm,error,lppchk Error after Migration from AIX 4.1.5 to 4.2 -- Missing Requisite Software
ps-2.kev009.com,wisclibrary/techlib/qna/faxes/html/anz/anz12.htm,2848,.htm,error,"""Tape Not in Backup Format"" Error"
ps-2.kev009.com,wisclibrary/techlib/qna/faxes/html/anz/anz134.htm,1327,.htm,error,"Error ""0511-173"" from tar When Backing Up Database Files"
ps-2.kev009.com,wisclibrary/techlib/qna/faxes/html/anz/anz137.htm,1071,.htm,not found,restoresymtable Is Not Found When Trying to Restore backbyinode
ps-2.kev009.com,wisclibrary/techlib/qna/faxes/html/anz/anz149.htm,1445,.htm,error,"Error ""0512-044 tctl fsf failed"""
ps-2.kev009.com,wisclibrary/techlib/qna/faxes/html/anz/anz153.htm,1202,.htm,error,Receiving a chcons Error When Running a mksysb Clone
ps-2.kev009.com,wisclibrary/techlib/qna/faxes/html/anz/anz156.htm,1222,.htm,error,Bus Error Coredump When Creating a mksysb at V4.2.0
ps-2.kev009.com,wisclibrary/techlib/qna/faxes/html/anz/anz159.htm,2020,.htm,error,"Error ""could not populate devices directory"" During a mksysb Clone"
ps-2.kev009.com,wisclibrary/techlib/qna/faxes/html/anz/anz160.htm,2510,.htm,error,"Error ""0511-445 Internal Packing error"" When Creating a mksysb tape"
ps-2.kev009.com,wisclibrary/techlib/qna/faxes/html/anz/anz161.htm,1744,.htm,error,"Error ""0518-507 odmget error"" When Running mksysb from cron"
ps-2.kev009.com,wisclibrary/techlib/qna/faxes/html/anz/anz162.htm,3527,.htm,error,Information on Tape Errors in the Error Report
ps-2.kev009.com,wisclibrary/techlib/qna/faxes/html/anz/anz167.htm,958,.htm,error,"""rootvg is locked"" Error When Running a mksysb"
ps-2.kev009.com,wisclibrary/techlib/qna/faxes/html/anz/anz169.htm,1392,.htm,error,"Error ""system received a parameter that is not valid"""
ps-2.kev009.com,wisclibrary/techlib/qna/faxes/html/anz/anz175.htm,2032,.htm,error,"Error ""0516-024 /usr/sbin/lqueryvg unable to open physical volume hdisk"""
ps-2.kev009.com,wisclibrary/techlib/qna/faxes/html/anz/anz21.htm,782,.htm,error,"""tape not in backup format"" Error during Install Using SMIT"
ps-2.kev009.com,wisclibrary/techlib/qna/faxes/html/anz/anz30.htm,1393,.htm,error,"Error ""888-102-700-0c8"" When Running a NIM Spot Copy to a Model 320"
ps-2.kev009.com,wisclibrary/techlib/qna/faxes/html/anz/anz31.htm,3797,.htm,error,"Error ""0505-102 alt_disk_install: mkvg has returned an error"""
ps-2.kev009.com,wisclibrary/techlib/qna/faxes/html/anz/anz32.htm,3002,.htm,error,"Error ""Invalid or no boot device specified"" from mksysb or mkszfile"
ps-2.kev009.com,wisclibrary/techlib/qna/faxes/html/anz/anz33.htm,2067,.htm,error,Error When Writing to a 20GB 8mm Tape Drive
ps-2.kev009.com,wisclibrary/techlib/qna/faxes/html/anz/anz34.htm,2141,.htm,error,"Error ""/usr/lpp/bosinst/bi_main[5] /var/adm/ras/bi.log cannot create"""
ps-2.kev009.com,wisclibrary/techlib/qna/faxes/html/anz/anz47.htm,1339,.htm,error,Failed Installation of Latest pssp Fixes -- Error 0503-247
ps-2.kev009.com,wisclibrary/techlib/qna/faxes/html/anz/anz49.htm,1023,.htm,error,"Error ""0516-062"" When Restoring a mksysb"
ps-2.kev009.com,wisclibrary/techlib/qna/faxes/html/anz/anz60.htm,1071,.htm,error,NIM Error 0042-207 -- Unable to Allocate Resource
ps-2.kev009.com,wisclibrary/techlib/qna/faxes/html/anz/anz63.htm,863,.htm,not found,NIM Push Install Error -- c_nimpush not found
ps-2.kev009.com,wisclibrary/techlib/qna/faxes/html/anz/anz70.htm,922,.htm,error,Removing lpp_source -- Error 0042-038
ps-2.kev009.com,wisclibrary/techlib/qna/faxes/html/anz/anz79.htm,1009,.htm,not found,"Error ""restbyname not found"" after Migration from AIX 3.2.5 to 4.3.2 Using Tape"
ps-2.kev009.com,wisclibrary/techlib/qna/faxes/html/anz/anz82.htm,1312,.htm,error,Installp Lexical Error 0503-216 at AIX Version 4
ps-2.kev009.com,wisclibrary/techlib/qna/faxes/html/anz/anz9.htm,5412,.htm,error,"""Lexical Error"" Message from installp"
ps-2.kev009.com,wisclibrary/techlib/qna/faxes/html/anz/anz92.htm,891,.htm,error,CD-ROM Error 0514-062: specified device is busy
ps-2.kev009.com,wisclibrary/techlib/qna/faxes/html/anz/anz94.htm,1624,.htm,error,Error 0042-151 Occurs during Creation of mksysb Resource
ps-2.kev009.com,wisclibrary/techlib/qna/faxes/html/anz/anz95.htm,1132,.htm,error,Error 0301-155 -- bosboot:mkfs failed for /tmp/Bootram.fs
ps-2.kev009.com,wisclibrary/techlib/qna/faxes/html/anz/anz96.htm,1102,.htm,error,Error 3001-008 -- /dev/ipldevice and /dev/rhdisk0
ps-2.kev009.com,wisclibrary/techlib/qna/faxes/html/anz/anz97.htm,1338,.htm,error,Error 3001-008 during an Installation -- /dev/fd0h Error
ps-2.kev009.com,wisclibrary/techlib/qna/faxes/html/anz/anz98.htm,1327,.htm,error,Error Installing bos.info.en_US -- Restore Error 0511-126
ps-2.kev009.com,wisclibrary/techlib/qna/faxes/html/anz/anz99.htm,968,.htm,error,Error Installing U447719 -- Too Many Levels of Symbolic Links
ps-2.kev009.com,wisclibrary/techlib/qna/faxes/html/cmd/cmd32.htm,2328,.htm,error,"Unable to Add Users, Error Message 3004-687"
ps-2.kev009.com,wisclibrary/techlib/qna/faxes/html/gph/gph2.htm,1142,.htm,error,CFGLFT Error 1122 in errpt
ps-2.kev009.com,wisclibrary/techlib/qna/faxes/html/gph/gph29.htm,1181,.htm,error,Motif/SMIT Translation Table Syntax Error
ps-2.kev009.com,wisclibrary/techlib/qna/faxes/html/gph/gph37.htm,2273,.htm,error,ds_form: Error EhwSearch 32 After Migration to 4.3.3
ps-2.kev009.com,wisclibrary/techlib/qna/faxes/html/gph/gph44.htm,1540,.htm,error,Receiving Error 13 While Running InfoExplorer
ps-2.kev009.com,wisclibrary/techlib/qna/faxes/html/gph/gph45.htm,757,.htm,error,Receiving Error 28 When Starting InfoExplorer
ps-2.kev009.com,wisclibrary/techlib/qna/faxes/html/gph/gph51.htm,1293,.htm,error,ds_rslt Ehw_Open_Index 63 Error
ps-2.kev009.com,wisclibrary/techlib/qna/faxes/html/gph/gph53.htm,1828,.htm,error,Error 888-102-300-0c0 When Graphics Adapter is in the Machine
ps-2.kev009.com,wisclibrary/techlib/qna/faxes/html/gph/gph74.htm,1241,.htm,not found,"Documentation Search Service Error - ""Host not Found"""
ps-2.kev009.com,wisclibrary/techlib/qna/faxes/html/gph/gph76.htm,1471,.htm,error,"""Error 2020"" When Running imnss -start imnhelp"
ps-2.kev009.com,wisclibrary/techlib/qna/faxes/html/gph/gph79.htm,1245,.htm,error,"InfoExplorer ""unable to connect to socket: 3"" Error Message"
ps-2.kev009.com,wisclibrary/techlib/qna/faxes/html/krn/krn11.htm,4440,.htm,error,Understanding Console Error Report Entries
ps-2.kev009.com,wisclibrary/techlib/qna/faxes/html/krn/krn17.htm,2625,.htm,error,"Recovery from ""Volume Group Locked"" Error Message"
ps-2.kev009.com,wisclibrary/techlib/qna/faxes/html/sys/sys10.htm,3028,.htm,forbidden,"How to Resolve the ""mkinsttape_sb: permission denied"" error on Sysback Versions 3 and 4"
ps-2.kev009.com,wisclibrary/techlib/qna/faxes/html/sys/sys23.htm,4288,.htm,error,Workaround for error 0511-163 when using tar as backend for Sysback/6000 V4
ps-2.kev009.com,wisclibrary/techlib/qna/faxes/html/zap/zap69.htm,19826,.htm,error,Frequent Print Error Messages
ps-2.kev009.com,wisclibrary/techlib/qna/faxes/html/zap/zap76.htm,1514,.htm,error,TTY HOG Error
ps-2.kev009.com,wisclibrary/techlib/qna/wwqa/html/IGE/rta71047.htm,4118,.htm,error,Error notify Object Class and Error ID
ps-2.kev009.com,wisclibrary/techlib/qna/wwqa/html/NWAYS/rta60003.htm,11455,.htm,error,5697B0600 Error messages from IFOR license server on Nways install
ps-2.kev009.com,wisclibrary/techlib/qna/wwqa/html/XPSF/rta07534.htm,6607,.htm,error,"PSF/AIX: error 0423-107, 0420-052 rc=9 when printing to an AIX printer"
ps-2.kev009.com,wisclibrary/techlib/qna/wwqa/html/XPSF/rta53081.htm,5347,.htm,error,PSF for AIX: Where does it send error messages?
ps-2.kev009.com,wisclibrary/techlib/qna/wwqa/html/XPSF/rta90442.htm,10213,.htm,error,PSF for AIX Version 2: Need help with error 0420-033
sgidepot,vw/PDFs/CS5155-D.html,339,.html,not found,404 Not Found
sgidepot,vw/images/U37_side.html,341,.html,not found,404 Not Found
sgidepot,vw/images/card1.html,338,.html,not found,404 Not Found
sgidepot,vw/images/card2.html,338,.html,not found,404 Not Found
sgidepot,vw/images/headings/1600SW.html,348,.html,not found,404 Not Found
sgidepot,vw/images/headings/1600SW_faq.html,352,.html,not found,404 Not Found
sgidepot,vw/images/headings/2D.html,344,.html,not found,404 Not Found
sgidepot,vw/images/headings/Linux.html,347,.html,not found,404 Not Found
sgidepot,vw/images/headings/PCI.html,345,.html,not found,404 Not Found
sgidepot,vw/images/headings/PCI_types.html,351,.html,not found,404 Not Found
sgidepot,vw/images/headings/PSU.html,345,.html,not found,404 Not Found
sgidepot,vw/images/headings/RAM_errors.html,352,.html,not found,404 Not Found
sgidepot,vw/images/headings/W2000.html,347,.html,not found,404 Not Found
sgidepot,vw/images/headings/WindowsIRIX.html,353,.html,not found,404 Not Found
sgidepot,vw/images/headings/drives.html,348,.html,not found,404 Not Found
sgidepot,vw/images/headings/links.html,347,.html,not found,404 Not Found
sgidepot,vw/images/headings/mobohack.html,350,.html,not found,404 Not Found
sgidepot,vw/images/headings/native.html,348,.html,not found,404 Not Found
sgidepot,vw/images/headings/premierefaq.html,353,.html,not found,404 Not Found
sgidepot,vw/images/headings/setups.html,348,.html,not found,404 Not Found
sgidepot,vw/images/headings/sitenews.html,350,.html,not found,404 Not Found
sgidepot,vw/www.miraclecomputers.com/SGI_Workstations.html,367,.html,not found,404 Not Found
sgidepot,vw/www.ou.edu/architecture/archlab/labs/vislab/sgi.html,374,.html,not found,404 Not Found
sgidepot,vw/www.sgi.com/newsroom/press_releases/1999/april/awards.html,380,.html,not found,404 Not Found
techsysadm,techsysadm.blogspot.com/2025/11/fixing-powerha-cluster-synchronization.html,136939,.html,error,"adminCtrlX &#8211; Simplifying System Administration: Fixing PowerHA Cluster Synchronization Error: ""Updating "
techsysadm,techsysadm.blogspot.com/2025/11/fixing-powerha-error-cluster-ipc-error.html,137118,.html,error,adminCtrlX &#8211; Simplifying System Administration: Fixing PowerHA Error: Cluster IPC error: The cluster man
techsysadm,techsysadm.blogspot.com/2025/11/fixing-powerha-error-incomplete-cluster.html,136142,.html,error,"adminCtrlX &#8211; Simplifying System Administration: Fixing PowerHA Error: ""an incomplete cluster migration h"
techsysadm,techsysadm.blogspot.com/2026/02/fixing-rpm-database-error-and.html,135850,.html,error,adminCtrlX &#8211; Simplifying System Administration: Fixing RPM Database Error and Configuring Passwordless S
typewritten,AIX/1.2.1/man4/error.html,4385,.html,error,error(4) &mdash; AIX PS/2 1.2.1
typewritten,AIX/2.2.1/man4/error.html,4106,.html,error,error(4) &mdash; AIX/RT 2.2.1
typewritten,AOS/4.3/man1/error.html,12861,.html,error,error(1) &mdash; AOS 4.3
zx-gatekeeper-dec,pub/DEC/SRC/research-reports/SRC-021-html/node61.html,2559,.html,error,Error Code Summary
